brand,name,description,category,shoeType,subCategory,closure,heelHeight,gender,occasion,season,sportUse,primaryColor,colors,primaryExactColor,exactColors,colorFamily,sizes,style,tags,price,currency,productUrl,imageUrl
Stylo,Maroon Pumps For Women WN1223,"Classic pumps that blend elegance and comfort, perfect for any formal or office look.",shoes,pump,khussa,slip-on,unknown,women,eid | wedding | mehndi | formal | office,winter,false,Red,Red,maroon,maroon,red,Maroon | Maroon | Maroon | Maroon | Maroon | Maroon,traditional,35 | 36 | 37 | 38 | 39 | 40 | 41 | 42 | 43 | 51% Off | Maroon | New-26 | NewJul-26 | Pumps | Sale | Stylo | Winter | Winter-26 | Women Shoes,1860,PKR,https://stylo.pk/products/maroon-pumps-for-women-wn1223,https://cdn.shopify.com/s/files/1/0485/1459/7030/files/WN122305.webp?v=1782886004
Stylo,White Formal Chappal For Women PU0754,"Classic and polished formal chappals, designed for a refined look and all-day comfort at formal events.",shoes,flip-flop,khussa,slip-on,flat,women,eid | wedding | mehndi | formal | office,summer | winter,false,White,White | Purple,white,white | lilac,neutral,White | White | White | White | White | White,traditional,35 | 36 | 37 | 38 | 39 | 40 | 41 | 42 | 43 | Chappal | Flats | Formal | New-26 | NewJul-26 | Stylo | Summer Shoes | variant:lilac-formal-chappal-for-women-pu0754 | White | Winter-26 | Women Shoes,7000,PKR,https://stylo.pk/products/white-formal-chappal-for-women-pu0754,https://cdn.shopify.com/s/files/1/0485/1459/7030/files/PU075409.webp?v=1782886004
Stylo,Lilac Formal Chappal For Women PU0754,"Classic and polished formal chappals, designed for a refined look and all-day comfort at formal events.",shoes,flip-flop,khussa,slip-on,flat,women,eid | wedding | mehndi | formal | office,summer | winter,false,Purple,Purple | White,lilac,lilac | white,purple,Lilac | Lilac | Lilac | Lilac | Lilac | Lilac,traditional,35 | 36 | 37 | 38 | 39 | 40 | 41 | 42 | 43 | Chappal | Flats | Formal | Lilac | New-26 | NewJul-26 | Stylo | Summer Shoes | variant:white-formal-chappal-for-women-pu0754 | Winter-26 | Women Shoes,7000,PKR,https://stylo.pk/products/lilac-formal-chappal-for-women-pu0754,https://cdn.shopify.com/s/files/1/0485/1459/7030/files/PU075443.webp?v=1782886004
Stylo,Black Formal Sandal For Ladies PU0757,"Step into sophistication with our formal sandals, designed for both style and comfort, perfect for any occasion.",shoes,sandal,khussa,slip-on,unknown,women,eid | wedding | mehndi | formal | office,summer | winter,false,Black,Black,black,black,neutral,Black | Black | Black | Black | Black | Black | Black,traditional,35 | 36 | 37 | 38 | 39 | 40 | 41 | 42 | 43 | Black | Formal | New-26 | NewJul-26 | Sandals | Stylo | Summer Shoes | Winter-26 | Women Shoes,7500,PKR,https://stylo.pk/products/black-formal-sandal-for-ladies-pu0757,https://cdn.shopify.com/s/files/1/0485/1459/7030/files/PU075701.webp?v=1782886004
Stylo,Seagreen Formal Sandal For Ladies PU0751,"Step into sophistication with our formal sandals, designed for both style and comfort, perfect for any occasion.",shoes,sandal,khussa,slip-on,platform,women,eid | wedding | mehndi | formal | office,summer | winter,false,Green,Green | Beige,seagreen,seagreen | beige,green,Seagreen | Seagreen | Seagreen | Seagreen | Seagreen | Seagreen,traditional,35 | 36 | 37 | 38 | 39 | 40 | 41 | 42 | 43 | Formal | New-26 | NewJul-26 | Sandals | Seagreen | Stylo | Summer Shoes | variant:beige-formal-sandal-for-ladies-pu0751 | Wedges | Winter-26 | Women Shoes,7000,PKR,https://stylo.pk/products/seagreen-formal-sandal-for-ladies-pu0751,https://cdn.shopify.com/s/files/1/0485/1459/7030/files/PU075153.webp?v=1782886004
Stylo,Brown Formal Sandal For Ladies PU0788,"Step into sophistication with our formal sandals, designed for both style and comfort, perfect for any occasion.",shoes,sandal,khussa,slip-on,platform,women,eid | wedding | mehndi | formal | office,summer | winter,false,Brown,Brown | White,brown,brown | cream,earth,Brown | Brown | Brown | Brown | Brown | Brown,traditional,35 | 36 | 37 | 38 | 39 | 40 | 41 | 42 | 43 | Brown | Formal | New-26 | NewJul-26 | Sandals | Stylo | Summer Shoes | variant:cream-formal-sandal-for-women-pu0788 | Wedges | Winter-26 | Women Shoes,4000,PKR,https://stylo.pk/products/brown-formal-sandal-for-ladies-pu0788,https://cdn.shopify.com/s/files/1/0485/1459/7030/files/PU078802.webp?v=1782886004
Stylo,Black Formal Sandal For Ladies PU0891,"Step into sophistication with our formal sandals, designed for both style and comfort, perfect for any occasion.",shoes,sandal,khussa,slip-on,platform,women,eid | wedding | mehndi | formal | office,summer | winter,false,Black,Black | Brown,black,black | brown,neutral,Black | Black | Black | Black | Black | Black,traditional,35 | 36 | 37 | 38 | 39 | 40 | 41 | 42 | 43 | Black | Formal | New-26 | NewJul-26 | Sandals | Stylo | Summer Shoes | variant:brown-formal-sandal-for-ladies-pu0891 | Wedges | Winter-26 | Women Shoes,4000,PKR,https://stylo.pk/products/black-formal-sandal-for-ladies-pu0891,https://cdn.shopify.com/s/files/1/0485/1459/7030/files/PU089101.webp?v=1782886004
Stylo,Fawn Formal Sandal For Ladies PU0808,"Step into sophistication with our formal sandals, designed for both style and comfort, perfect for any occasion.",shoes,sandal,khussa,slip-on,platform,women,eid | wedding | mehndi | formal | office,summer | winter,false,Beige,Beige,fawn,fawn,earth,Fawn | Fawn | Fawn | Fawn | Fawn | Fawn,traditional,35 | 36 | 37 | 38 | 39 | 40 | 41 | 42 | 43 | Fawn | Formal | New-26 | NewJul-26 | Sandals | Stylo | Summer Shoes | Wedges | Winter-26 | Women Shoes,6000,PKR,https://stylo.pk/products/fawn-formal-sandal-for-ladies-pu0808,https://cdn.shopify.com/s/files/1/0485/1459/7030/files/PU080814.webp?v=1782886004
Stylo,Brown Formal Sandal For Ladies PU0891,"Step into sophistication with our formal sandals, designed for both style and comfort, perfect for any occasion.",shoes,sandal,khussa,slip-on,platform,women,eid | wedding | mehndi | formal | office,summer | winter,false,Brown,Brown | Black,brown,brown | black,earth,Brown | Brown | Brown | Brown | Brown | Brown,traditional,35 | 36 | 37 | 38 | 39 | 40 | 41 | 42 | 43 | Brown | Formal | New-26 | NewJul-26 | Sandals | Stylo | Summer Shoes | variant:black-formal-sandal-for-ladies-pu0891 | Wedges | Winter-26 | Women Shoes,4000,PKR,https://stylo.pk/products/brown-formal-sandal-for-ladies-pu0891,https://cdn.shopify.com/s/files/1/0485/1459/7030/files/PU089102.webp?v=1782886004
Stylo,Pink Formal Slipper For Ladies PU0739,"Elevate your style with our elegant ladies' formal slippers, meticulously crafted to add a touch of sophistication to any ensemble.",shoes,slipper,khussa,slip-on,low,women,eid | wedding | mehndi | formal | office,summer | winter,false,Pink,Pink,pink,pink,pink,Pink | Pink | Pink | Pink | Pink | Pink,traditional,35 | 36 | 37 | 38 | 39 | 40 | 41 | 42 | 43 | Formal | Heels | Low Heels | New-26 | NewJul-26 | Pink | Slippers | Stylo | Summer Shoes | Winter-26 | Women Shoes,8000,PKR,https://stylo.pk/products/pink-formal-slipper-for-ladies-pu0739,https://cdn.shopify.com/s/files/1/0485/1459/7030/files/PU073918.webp?v=1782886004
Stylo,Pink Formal Slipper For Ladies PU0793,"Elevate your style with our elegant ladies' formal slippers, meticulously crafted to add a touch of sophistication to any ensemble.",shoes,slipper,khussa,slip-on,platform,women,eid | wedding | mehndi | formal | office,summer | winter,false,Pink,Pink | Yellow,pink,pink | mustard,pink,Pink | Pink | Pink | Pink | Pink | Pink,traditional,35 | 36 | 37 | 38 | 39 | 40 | 41 | 42 | 43 | Formal | New-26 | NewJul-26 | Pink | Slippers | Stylo | Summer Shoes | variant:mustard-formal-slipper-for-ladies-pu0793 | Wedges | Winter-26 | Women Shoes,6000,PKR,https://stylo.pk/products/pink-formal-slipper-for-ladies-pu0793,https://cdn.shopify.com/s/files/1/0485/1459/7030/files/PU079318.webp?v=1782886004
Stylo,Tan Formal Slipper For Ladies PU0741,"Elevate your style with our elegant ladies' formal slippers, meticulously crafted to add a touch of sophistication to any ensemble.",shoes,slipper,khussa,slip-on,platform,women,eid | wedding | mehndi | formal | office,summer | winter,false,Brown,Brown | Black,tan,tan | black,earth,Tan | Tan | Tan | Tan | Tan | Tan,traditional,31% Off | 35 | 36 | 37 | 38 | 39 | 40 | 41 | 42 | 43 | Formal | New-26 | NewJul-26 | Sale | Slippers | Stylo | Summer Shoes | Tan | variant:black-formal-slipper-for-ladies-pu0741 | Wedges | Winter-26 | Women Shoes,5520,PKR,https://stylo.pk/products/tan-formal-slipper-for-ladies-pu0741,https://cdn.shopify.com/s/files/1/0485/1459/7030/files/PU074173.webp?v=1782886003
Stylo,Maroon Formal Slipper For Ladies PU0801,"Elevate your style with our elegant ladies' formal slippers, meticulously crafted to add a touch of sophistication to any ensemble.",shoes,slipper,khussa,slip-on,platform,women,eid | wedding | mehndi | formal | office,summer | winter,false,Red,Red,maroon,maroon,red,Maroon | Maroon | Maroon | Maroon | Maroon | Maroon,traditional,35 | 36 | 37 | 38 | 39 | 40 | 41 | 42 | 43 | Formal | Maroon | New-26 | NewJul-26 | Slippers | Stylo | Summer Shoes | Wedges | Winter-26 | Women Shoes,6000,PKR,https://stylo.pk/products/maroon-formal-slipper-for-ladies-pu0801,https://cdn.shopify.com/s/files/1/0485/1459/7030/files/PU080105.webp?v=1782886004
Stylo,Black Formal Slipper For Ladies PU0811,"Elevate your style with our elegant ladies' formal slippers, meticulously crafted to add a touch of sophistication to any ensemble.",shoes,slipper,khussa,slip-on,platform,women,eid | wedding | mehndi | formal | office,summer | winter,false,Black,Black | Red,black,black | maroon,neutral,Black | Black | Black | Black | Black | Black,traditional,35 | 36 | 37 | 38 | 39 | 40 | 41 | 42 | 43 | Black | Formal | New-26 | NewJul-26 | Slippers | Stylo | Summer Shoes | variant:maroon-formal-slipper-for-ladies-pu0811 | Wedges | Winter-26 | Women Shoes,6000,PKR,https://stylo.pk/products/black-formal-slipper-for-ladies-pu0811,https://cdn.shopify.com/s/files/1/0485/1459/7030/files/PU081101.webp?v=1782886004
Stylo,Lilac Formal Slipper For Ladies PU0807,"Elevate your style with our elegant ladies' formal slippers, meticulously crafted to add a touch of sophistication to any ensemble.",shoes,slipper,khussa,slip-on,unknown,women,eid | wedding | mehndi | formal | office,summer | winter,false,Purple,Purple,lilac,lilac,purple,Lilac | Lilac | Lilac | Lilac | Lilac | Lilac,traditional,35 | 36 | 37 | 38 | 39 | 40 | 41 | 42 | 43 | Formal | Lilac | New-26 | NewJul-26 | Slippers | Stylo | Summer Shoes | Winter-26 | Women Shoes,6000,PKR,https://stylo.pk/products/lilac-formal-slipper-for-ladies-pu0807,https://cdn.shopify.com/s/files/1/0485/1459/7030/files/PU080743.webp?v=1782886004
Stylo,Maroon Formal Slipper For Ladies PU0811,"Elevate your style with our elegant ladies' formal slippers, meticulously crafted to add a touch of sophistication to any ensemble.",shoes,slipper,khussa,slip-on,platform,women,eid | wedding | mehndi | formal | office,summer | winter,false,Red,Red | Black,maroon,maroon | black,red,Maroon | Maroon | Maroon | Maroon | Maroon | Maroon,traditional,35 | 36 | 37 | 38 | 39 | 40 | 41 | 42 | 43 | Formal | Maroon | New-26 | NewJul-26 | Slippers | Stylo | Summer Shoes | variant:black-formal-slipper-for-ladies-pu0811 | Wedges | Winter-26 | Women Shoes,6000,PKR,https://stylo.pk/products/maroon-formal-slipper-for-ladies-pu0811,https://cdn.shopify.com/s/files/1/0485/1459/7030/files/PU081105.webp?v=1782886004
Stylo,Peach Formal Slipper For Ladies PU0854,"Elevate your style with our elegant ladies' formal slippers, meticulously crafted to add a touch of sophistication to any ensemble.",shoes,slipper,khussa,slip-on,platform,women,eid | wedding | mehndi | formal | office,summer | winter,false,Pink,Pink,peach,peach,pink,Peach | Peach | Peach | Peach | Peach | Peach,traditional,35 | 36 | 37 | 38 | 39 | 40 | 41 | 42 | 43 | Formal | New-26 | NewJul-26 | Peach | Slippers | Stylo | Summer Shoes | Wedges | Winter-26 | Women Shoes,3500,PKR,https://stylo.pk/products/peach-formal-slipper-for-ladies-pu0854,https://cdn.shopify.com/s/files/1/0485/1459/7030/files/PU085423.webp?v=1782886003
Stylo,Black Formal Slipper For Ladies PU0827,"Elevate your style with our elegant ladies' formal slippers, meticulously crafted to add a touch of sophistication to any ensemble.",shoes,slipper,khussa,slip-on,platform,women,eid | wedding | mehndi | formal | office,summer | winter,false,Black,Black,black,black,neutral,Black | Black | Black | Black | Black | Black,traditional,31% Off | 35 | 36 | 37 | 38 | 39 | 40 | 41 | 42 | 43 | Black | Formal | New-26 | NewJul-26 | Sale | Slippers | Stylo | Summer Shoes | Wedges | Winter-26 | Women Shoes,3110,PKR,https://stylo.pk/products/black-formal-slipper-for-ladies-pu0827,https://cdn.shopify.com/s/files/1/0485/1459/7030/files/PU082701.webp?v=1782886004
Stylo,Teal Blue Formal Slipper For Ladies PU0862,"Elevate your style with our elegant ladies' formal slippers, meticulously crafted to add a touch of sophistication to any ensemble.",shoes,slipper,khussa,slip-on,unknown,women,eid | wedding | mehndi | formal | office,summer | winter,false,Teal,Teal | Blue,teal blue,teal blue | blue,teal,Teal Blue | Teal Blue | Teal Blue | Teal Blue | Teal Blue | Teal Blue,traditional,35 | 36 | 37 | 38 | 39 | 40 | 41 | 42 | 43 | Formal | New-26 | NewJul-26 | Slippers | Stylo | Summer Shoes | Teal Blue | Winter-26 | Women Shoes,3500,PKR,https://stylo.pk/products/teal-blue-formal-slipper-for-ladies-pu0862,https://cdn.shopify.com/s/files/1/0485/1459/7030/files/PU086296.webp?v=1782886004
Stylo,Peach Fancy Slipper FN7927,Product Information Style Slide Upper Material Rhine Stone Straps Lining Material PU Feature Rhinestones Finish Glittery Toe Shape Square Outsole Rubber Sheet Heel Height Flat Heel Type Flat,shoes,slipper,sandals,buckle,flat,women,casual | summer | wedding | bridal | eid,all-season,false,Pink,Pink | Black,peach,peach | black,pink,Peach | Peach | Peach | Peach | Peach | Peach | Peach,minimal,31% Off | 35 | 36 | 37 | 38 | 39 | 40 | 41 | 42 | 43 | All Discounts | Azeem | Eid Collection | Fancy | Fancy Slippers | Flats | New-25 | NewApr-25 | Peach | Sale | Slippers | Stylo | variant:black-fancy-slipper-fn7927 | Wedding | Women Shoes | Women Slides,1930,PKR,https://stylo.pk/products/peach-fancy-slipper-fn7927,https://cdn.shopify.com/s/files/1/0485/1459/7030/files/FN7927-23.png?v=1766574742
Stylo,Beige Formal Slipper FR8398,Product Details Heel: 1Inch Toe Shape: Round Design Details: Buckle Material: PU Sole: PVC Lining: PU Make a sophisticated statement with every step in these elegant and refined slippers.,shoes,slipper,flats,buckle,flat,women,casual | office | eid | formal,summer | winter,false,Beige,Beige | Red,beige,beige | maroon,earth,Beige | Beige | Beige | Beige | Beige | Beige | Beige,minimal,35 | 36 | 37 | 38 | 39 | 40 | 41 | 42 | 43 | 51% Off | Azeem | Beige | Eid Collection | Flats | Formal | New-25 | NewAug-25 | Sale | Slippers | Stylo | Summer Shoes | Summer stock | variant:maroon-formal-slipper-for-ladies-fr8398 | Winter-25 | Women Shoes | Women Slides,1230,PKR,https://stylo.pk/products/beige-formal-slipper-fr8398,https://cdn.shopify.com/s/files/1/0485/1459/7030/files/FR8398-62.png?v=1765975833
Stylo,Black Fancy Slipper FN7927,Product Information Style Slide Upper Material Rhine Stone Straps Lining Material PU Feature Rhinestones Finish Glittery Toe Shape Square Outsole Rubber Sheet Heel Height Flat Heel Type Flat,shoes,slipper,sandals,buckle,flat,women,casual | summer | wedding | bridal | eid,all-season,false,Black,Black | Pink,black,black | peach,neutral,Black | Black | Black | Black | Black | Black | Black,minimal,31% Off | 35 | 36 | 37 | 38 | 39 | 40 | 41 | 42 | 43 | All Discounts | Azeem | Black | Eid Collection | Fancy | Fancy Slippers | Flats | New-25 | NewMar-25 | Sale | Slippers | Stylo | variant:peach-fancy-slipper-fn7927 | Wedding | Women Shoes | Women Slides,1930,PKR,https://stylo.pk/products/black-fancy-slipper-fn7927,https://cdn.shopify.com/s/files/1/0485/1459/7030/files/FN7927-01.png?v=1782111680
Stylo,Black Formal Chappal FR0568,"Elegant formal chappals designed for comfort, class, and everyday sophistication. Product Details Heel: Flats Toe Shape: Round Design Details: Studs Material: PU Sole: PVC Lining: PU",shoes,flip-flop,sandals,slip-on,flat,women,casual | summer | eid | formal | office,summer | winter,false,Black,Black | Red,black,black | maroon,neutral,Black | Black | Black | Black | Black | Black,minimal,35 | 36 | 37 | 38 | 39 | 40 | 41 | 42 | 43 | 51% Off | Azeem | Black | Eid Collection | Flats | Formal | New-25 | NewJun-25 | Sale | Slippers | Stylo | Summer Shoes | Summer stock | variant:maroon-formal-chappal-for-ladies-fr0568 | Winter-25 | Women Shoes | Women Slides,1470,PKR,https://stylo.pk/products/black-formal-chappal-fr0568,https://cdn.shopify.com/s/files/1/0485/1459/7030/files/FR0568-01.png?v=1766147578
Stylo,Maroon Formal Chappal For Ladies FR0568,"Elegant formal chappals designed for comfort, class, and everyday sophistication. Product Details Heel: Flats Toe Shape: Round Design Details: Studs Material: PU Sole: PVC Lining: PU",shoes,flip-flop,sandals,slip-on,flat,women,casual | summer | eid | formal | office,summer | winter,false,Red,Red | Black,maroon,maroon | black,red,Maroon | Maroon | Maroon | Maroon | Maroon | Maroon,minimal,35 | 36 | 37 | 38 | 39 | 40 | 41 | 42 | 43 | 51% Off | Azeem | Chappals | Eid Collection | Flats | Formal | Maroon | New-25 | NewJun-25 | Sale | Stylo | Summer Shoes | Summer stock | variant:black-formal-chappal-fr0568 | Winter-25 | Women Shoes | Women Slides,1470,PKR,https://stylo.pk/products/maroon-formal-chappal-for-ladies-fr0568,https://cdn.shopify.com/s/files/1/0485/1459/7030/files/FR0568-05.png?v=1766580786
Stylo,Maroon Formal Slipper For Ladies FR8398,"Product Details Heel: 1Inch Toe Shape: Round Design Details: Buckle Material: PU Sole: PVC Lining: PU Sleek and sophisticated, these formal slippers complete your polished look with ease.",shoes,slipper,flats,buckle,flat,women,casual | office | eid | formal,summer | winter,false,Red,Red,maroon,maroon,red,Maroon | Maroon | Maroon | Maroon | Maroon | Maroon | Maroon,minimal,35 | 36 | 37 | 38 | 39 | 40 | 41 | 42 | 43 | 51% Off | Azeem | Eid Collection | Flats | Formal | Maroon | New-25 | NewJul-25 | Sale | Slippers | Stylo | Summer Shoes | Summer stock | Winter-25 | Women Shoes | Women Slides,1230,PKR,https://stylo.pk/products/maroon-formal-slipper-for-ladies-fr8398,https://cdn.shopify.com/s/files/1/0485/1459/7030/files/FR8398-05.png?v=1766148289
Stylo,Tan Formal Slipper For Ladies FR5483,"This Tan Formal Slipper for ladies features elegant multi-straps and a striking gold pebble ornament. The flat sole provides sophisticated comfort for weddings, parties, and formal events. Key Features Color: Tan Style: Formal Multi-Strap Slipper Upper: Glossy Synthetic Leather with Gold Pebble Accent Heel Type: Flat Closure: Slip-on Footbed: Smooth Cushioned Synthetic Leather Sole: Durable Low-Profile Sheet Sole Use: Formal Gatherings, Parties, and Elegant Daily Wear Fit: Standard Regular Fit",shoes,slipper,sandals,buckle,flat,women,casual | summer | wedding | bridal | eid | formal | office,summer | winter,false,Brown,Brown | Black | Gold,tan,tan | black | gold,earth,Tan | Tan | Tan | Tan | Tan | Tan,minimal,31% Off | 35 | 36 | 37 | 38 | 39 | 40 | 41 | 42 | 43 | All Discounts | Azeem | Eid Collection | Flats | Formal | New-26 | NewJan-26 | Sale | Stylo | Summer Shoes | Summer stock | Sunlit Steps | Tan | variant:black-formal-sandal-for-women-fr5483 | Winter-26 | Women Shoes | Women Slides,2070,PKR,https://stylo.pk/products/tan-formal-slipper-for-ladies-fr5483,https://cdn.shopify.com/s/files/1/0485/1459/7030/files/FR548373_6ba3c9e7-47bc-44b7-86e1-00717924e4c7.webp?v=1782128101
Stylo,Maroon Formal Slipper For Women FR8397,"Sleek and sophisticated, these formal slippers complete your polished look with ease. Product Details Toe Shape: Round Design Details: Rhinestone Sheet Material: PU Sole: PVC Lining: PU",shoes,slipper,flats,slip-on,flat,women,casual | office | eid | formal,summer | winter,false,Red,Red | Green,maroon,maroon | green,red,Maroon | Maroon | Maroon | Maroon | Maroon | Maroon | Maroon,minimal,35 | 36 | 37 | 38 | 39 | 40 | 41 | 42 | 43 | 51% Off | Azeem | Eid Collection | Flats | Formal | Maroon | New-25 | NewJul-25 | Sale | Slippers | Stylo | Summer Shoes | Summer stock | variant:green-formal-slipper-fr8397 | Winter-25 | Women Shoes | Women Slides,1230,PKR,https://stylo.pk/products/maroon-formal-slipper-for-women-fr8397,https://cdn.shopify.com/s/files/1/0485/1459/7030/files/FR8397-05.png?v=1766148271
Stylo,Black Fancy Slipper FN7907,Chic and eye-catching fancy slippers that add sparkle and style to every step.,shoes,slipper,sandals,slip-on,flat,women,casual | summer | wedding | bridal | eid,all-season,false,Black,Black | Gold,black,black | golden,neutral,Black | Black | Black | Black | Black | Black | Black,minimal,35 | 36 | 37 | 38 | 39 | 40 | 41 | 42 | 43 | 51% Off | All Discounts | Azeem | Black | Eid Collection | Fancy | Fancy Slippers | Flats | New-25 | NewApr-25 | Sale | Slippers | Stylo | variant:golden-fancy-slipper-fn7907 | Wedding | Women Shoes | Women Slides,1470,PKR,https://stylo.pk/products/black-fancy-slipper-fn7907,https://cdn.shopify.com/s/files/1/0485/1459/7030/files/FN7907-01.png?v=1766468430
Stylo,Green Formal Slipper FR8397,"Chic and comfortable, these formal slippers add effortless elegance to any outfit. Product Details Toe Shape: Round Design Details: Rhinestone Sheet Material: PU Sole: PVC Lining: PU",shoes,slipper,flats,slip-on,flat,women,casual | office | eid | formal,summer | winter,false,Green,Green | Red,green,green | maroon,green,Green | Green | Green | Green | Green | Green | Green,minimal,35 | 36 | 37 | 38 | 39 | 40 | 41 | 42 | 43 | 51% Off | Azeem | Eid Collection | Flats | Formal | Green | New-25 | NewAug-25 | Sale | Slippers | Stylo | Summer Shoes | Summer stock | variant:maroon-formal-slipper-for-women-fr8397 | Winter-25 | Women Shoes | Women Slides,1230,PKR,https://stylo.pk/products/green-formal-slipper-fr8397,https://cdn.shopify.com/s/files/1/0485/1459/7030/files/FR8397-11.png?v=1766120051
Stylo,Fawn Formal Slipper For Women FR8487,"Sleek fawn formal slippers featuring a bold strip of square rhinestones. With a modern square toe and flat sole, they’re perfect for adding sparkle to any festive or semi-formal look. Key Features Color: Fawn Style: Rhinestone Embellished Square-Toe Slipper Upper: High-Quality Synthetic Leather Heel Type: Flat Closure: Easy Slip-on Sole: Durable Non-slip Synthetic Sole Use: Formal Events, Weddings, Parties, and Semi-formal Outings Fit: Standard True-to-Size Fit",shoes,slipper,sandals,slip-on,flat,women,casual | summer | wedding | bridal | eid | formal | office,summer | winter,false,Beige,Beige | Blue | Black,fawn,fawn | blue | black,earth,Fawn | Fawn | Fawn | Fawn | Fawn | Fawn | Fawn,minimal,35 | 36 | 37 | 38 | 39 | 40 | 41 | 42 | 43 | All Discounts | Azeem | Chasing Blue Skies | Eid Collection | Fawn | Flats | Formal | hello summer | Made for the Moment | New-26 | NewJan-26 | Slippers | Stylo | Summer Shoes | Summer stock | variant:black-formal-slipper-for-women-fr8487 | Winter-26 | Women Shoes | Women Slides,2500,PKR,https://stylo.pk/products/fawn-formal-slipper-for-women-fr8487,https://cdn.shopify.com/s/files/1/0485/1459/7030/files/FR848714_0efbf31c-d7d2-42af-ad87-5072abe60ca2.webp?v=1782128101
Stylo,Black Formal Slipper For Women FR5483,"This Black Formal Slipper for ladies features elegant multi-straps and a striking gold pebble ornament. The flat sole provides sophisticated comfort for weddings, parties, and formal events. Key Features Color: Black Style: Formal Multi-Strap Slipper Upper: Glossy Synthetic Leather with Gold Pebble Accent Heel Type: Flat Closure: Slip-on Footbed: Smooth Cushioned Synthetic Leather Sole: Durable Low-Profile Sheet Sole Use: Formal Gatherings, Parties, and Elegant Daily Wear Fit: Standard Regular Fit",shoes,slipper,sandals,buckle,flat,women,casual | summer | wedding | bridal | eid | formal | office,summer | winter,false,Black,Black | Gold,black,black | gold,neutral,Black | Black | Black | Black | Black | Black,minimal,31% Off | 35 | 36 | 37 | 38 | 39 | 40 | 41 | 42 | 43 | All Discounts | Azeem | Black | Eid Collection | Flats | Formal | New-26 | NewJan-26 | Sale | Slippers | Stylo | Summer Shoes | Summer stock | Sunlit Steps | Winter-26 | Women Shoes | Women Slides,2070,PKR,https://stylo.pk/products/black-formal-slipper-for-women-fr5483,https://cdn.shopify.com/s/files/1/0485/1459/7030/files/FR548301_4d144641-2626-4c85-9a1a-8552f90ab4eb.png?v=1768809506
Stylo,Pink Formal Slipper For Ladies FR8422,"Step into sophistication with our formal slippers, designed to charm and delight with every stride. Product Details Toe Shape: Square Heel Height: Flats Design Details: Buckle Material: Satin Sole: Sheet Sole Lining: PU",shoes,slipper,sandals,buckle,flat,women,casual | summer | eid | formal | office,summer | winter,false,Pink,Pink | Green,pink,pink | olive,pink,Pink | Pink | Pink | Pink | Pink | Pink | Pink,minimal,35 | 36 | 37 | 38 | 39 | 40 | 41 | 42 | 43 | 51% Off | All Discounts | Azeem | Eid Collection | Flats | Formal | New-25 | NewOct-25 | Pink | Sale | Slippers | Stylo | Summer Shoes | Summer stock | variant:olive-formal-women-slipper-fr8422 | Winter-25 | Women Shoes | Women Slides,1470,PKR,https://stylo.pk/products/pink-formal-slipper-for-ladies-fr8422,https://cdn.shopify.com/s/files/1/0485/1459/7030/files/FR8422-18.png?v=1765976570
Stylo,Golden Fancy Slipper For Women FN7990,Product Details Heel: Flat Toe Shape: Round Design Details: Rhinestone Straps Material: PU Sole: Sheet Sole,shoes,slipper,sandals,buckle,flat,women,casual | summer | wedding | bridal | eid,all-season,false,Gold,Gold | Black,golden,golden | black,earth,Golden | Golden | Golden | Golden | Golden | Golden | Golden,minimal,35 | 36 | 37 | 38 | 39 | 40 | 41 | 42 | 43 | 51% Off | All Discounts | Azeem | Eid Collection | Fancy | Fancy Slippers | Flats | Golden | New-25 | NewSep-25 | Sale | Slippers | Stylo | variant:black-fancy-slipper-for-women-fn7990 | Wedding | Women Shoes | Women Slides,1370,PKR,https://stylo.pk/products/golden-fancy-slipper-for-women-fn7990,https://cdn.shopify.com/s/files/1/0485/1459/7030/files/FN7990-15.png?v=1765963158
Stylo,Black Fancy Slipper For Women FN7990,"Make every occasion magical with our fancy slippers, adding a sprinkle of sparkle to every step. Product Details Heel: Flat Toe Shape: Round Design Details: Rhinestone Straps Material: PU Sole: Sheet Sole",shoes,slipper,sandals,buckle,flat,women,casual | summer | wedding | bridal | eid,all-season,false,Black,Black,black,black,neutral,Black | Black | Black | Black | Black | Black | Black,minimal,35 | 36 | 37 | 38 | 39 | 40 | 41 | 42 | 43 | 51% Off | All Discounts | Azeem | Black | Eid Collection | Fancy | Fancy Slippers | Flats | New-25 | NewSep-25 | Sale | Slippers | Stylo | Wedding | Women Shoes | Women Slides,1370,PKR,https://stylo.pk/products/black-fancy-slipper-for-women-fn7990,https://cdn.shopify.com/s/files/1/0485/1459/7030/files/FN7990-01.png?v=1765963131
Stylo,Olive Formal Women Slipper FR8422,"Elevate your style with our elegant ladies' formal slippers, meticulously crafted to add a touch of sophistication to any ensemble. Product Details Toe Shape: Square Heel Height: Flats Design Details: Buckle Material: Satin Sole: Sheet Sole Lining: PU",shoes,slipper,sandals,buckle,flat,women,casual | summer | eid | formal | office,summer | winter,false,Green,Green | Pink,olive,olive | pink,green,Olive | Olive | Olive | Olive | Olive | Olive | Olive,minimal,35 | 36 | 37 | 38 | 39 | 40 | 41 | 42 | 43 | 51% Off | All Discounts | Azeem | Eid Collection | Flats | Formal | New-25 | NewSep-25 | Olive | Sale | Slippers | Stylo | Summer Shoes | Summer stock | variant:pink-formal-slipper-for-ladies-fr8422 | Winter-25 | Women Shoes | Women Slides,1470,PKR,https://stylo.pk/products/olive-formal-women-slipper-fr8422,https://cdn.shopify.com/s/files/1/0485/1459/7030/files/FR8422-40.png?v=1765976601
Stylo,Fawn Formal Chappal For Women FR0574,"This elegant fawn formal chappal for women features shimmering rhinestone-studded straps and a chic toe-ring design. It's the perfect comfortable choice for festive parties and weddings. Key Features Color: Elegant Fawn Style: Crystal-Embellished Toe-Ring Chappal Upper: Premium Synthetic with Shimmering Rhinestones Heel Type: Comfortable Flat Closure: Easy Slip-On Design Footbed: Padded Synthetic for Enhanced Comfort Sole: Durable Non-Slip Synthetic Outsole Use: Weddings, Festive Gatherings, and Formal Events Fit: Standard Fit",shoes,flip-flop,sandals,buckle,flat,women,casual | summer | wedding | bridal | eid | formal | office,summer | winter,false,Beige,Beige | Blue | Pink,fawn,fawn | blue | pink,earth,Fawn | Fawn | Fawn | Fawn | Fawn | Fawn,minimal,31% Off | 35 | 36 | 37 | 38 | 39 | 40 | 41 | 42 | 43 | All Discounts | Azeem | Chappals | Chasing Blue Skies | Eid Collection | Fawn | Flats | Formal | Made for the Moment | New-26 | NewJan-26 | Qurban Jaon | Sale | Stylo | Summer Shoes | Summer stock | Sunlit Steps | variant:pink-formal-chappal-for-ladies-fr0574 | Winter-26 | Women Shoes | Women Slides,2620,PKR,https://stylo.pk/products/fawn-formal-chappal-for-women-fr0574,https://cdn.shopify.com/s/files/1/0485/1459/7030/files/FR057414_2_8ce5fbc1-794e-4482-b600-ccd6c7fa9322.png?v=1768982665
Stylo,Grey Fancy Slipper For Ladies FN7997,"Eye-catching and elegant, these fancy slippers add sparkle to any occasion. Product Details Toe Shape: Square Design Details: Rhinestone Upper Heel Height: Flat Material: PU Sole: Sheet Sole Lining: PU",shoes,slipper,sandals,slip-on,flat,women,casual | summer | wedding | bridal | eid,all-season,false,Grey,Grey | Pink,grey,grey | peach,neutral,Grey | Grey | Grey | Grey | Grey | Grey | Grey,minimal,35 | 36 | 37 | 38 | 39 | 40 | 41 | 42 | 43 | 51% Off | All Discounts | Azeem | Eid Collection | Fancy | Fancy Slippers | Flats | Grey | New-25 | NewJul-25 | Sale | Slippers | Stylo | variant:peach-fancy-slipper-fn7997 | Wedding | Women Shoes | Women Slides,1470,PKR,https://stylo.pk/products/grey-fancy-slipper-for-ladies-fn7997,https://cdn.shopify.com/s/files/1/0485/1459/7030/files/FN7997-07.png?v=1766146040
Stylo,Golden Fancy Slipper For Ladies FN8050,"Luxurious golden velvet slide slipper featuring a gathered strap adorned with a sparkling crystal brooch. A chic flat slip-on designed for elegant, comfortable evening or party wear. Key Features Color: Golden Style: Embellished Velvet Slide Upper: Soft Velvet Fabric with Crystal Brooch Heel Type: Flat Closure: Slip-On Footbed: Velvet-Wrapped Sole: Durable Rubber Use: Party, Evening, Semi-Formal, Winter Fit: Standard Open Toe",shoes,slipper,sandals,buckle,flat,women,casual | summer | wedding | bridal | eid | formal | office | party,summer | winter,false,Gold,Gold | Brown,golden,golden | brown,earth,Golden | Golden | Golden | Golden | Golden | Golden,minimal,31% Off | 35 | 36 | 37 | 38 | 39 | 40 | 41 | 42 | 43 | All Discounts | Azeem | Eid Collection | Fancy | Fancy Slippers | Flats | Golden | New-26 | NewJan-26 | Sale | Slippers | Stylo | variant:brown-fancy-slipper-for-women-fn8050 | Wedding | Women Shoes | Women Slides,3310,PKR,https://stylo.pk/products/golden-fancy-slipper-for-ladies-fn8050,https://cdn.shopify.com/s/files/1/0485/1459/7030/files/FN805015_1b419142-1209-49a2-b1ca-ff9b325a89fa.webp?v=1782128101
Stylo,Cream Formal Chappal FR0571,"Sophisticated and sleek formal chappals, crafted for comfort and style, perfect for business or formal occasions. Product Details Toe Shape: Square Heel Height: Flats Design Details: Rhinestones Material: PU Sole: PVC Lining: PU",shoes,flip-flop,sandals,slip-on,flat,women,casual | summer | eid | formal | office,summer | winter,false,White,White | Green,cream,cream | green,neutral,Cream | Cream | Cream | Cream | Cream | Cream,minimal,35 | 36 | 37 | 38 | 39 | 40 | 41 | 42 | 43 | 51% Off | All Discounts | Chappals | Cream | Eid Collection | Flats | Formal | New-25 | NewSep-25 | Sale | Stylo | Summer Shoes | Summer stock | variant:green-formal-chappal-fr0571 | Winter-25 | Women Shoes | Women Slides,1370,PKR,https://stylo.pk/products/cream-formal-chappal-fr0571,https://cdn.shopify.com/s/files/1/0485/1459/7030/files/FR0571-08.png?v=1766577927
Stylo,Women Casual Slipper -WS008720,"Brighten up your day with this fun wedge slide! The vibrant yellow patterned strap makes a bold statement, and the low comfort wedge heel gives you just the right amount of height. With a soft, cushioned footbed, this is the perfect effortless slipper for adding a pop of sunshine and all-day comfort to your look. Product Details: Shoe Type: Slippers Toe Shape: Round Color : Yellow Design Details: Vibrant Yellow Print Strap, Contrasting Tan Wedge Sole Material (Upper/Lining): PU leather Sole: Lightweight and Cushioned PU",shoes,slipper,sandals,buckle,platform,women,casual | eid,all-season,false,Yellow,Yellow | Brown,yellow,yellow | tan,yellow,Yellow | Yellow | Yellow | Yellow | Yellow | Yellow,minimal,36 | 37 | 38 | 39 | 40 | 41 | 51% Off | Eid Collection | Online Exclusive | Online Exclusive Slippers | online exclusives | Sale | Sale     Stylo | Women Slippers | Yellow,1499,PKR,https://stylo.pk/products/women-casual-slipper-ws008720,https://cdn.shopify.com/s/files/1/0485/1459/7030/files/WS0087-20-36.png?v=1765869525
Stylo,Women Casual Slipper -WS012618,"Brighten up your look with this vibrant Slippers. The wide upper strap features a beautiful hand-woven texture in a blend of soft pink and peach colors. Designed with a low, flexible sole for an easy slip-on fit, this comfortable slide is the perfect way to add a pop of sunny, artistic style to your everyday wardrobe. Product Details: Shoe Type: Slipper Toe Shape: Square Color: Pink Design Details: Intricate Woven Straps, Tie-Dye Watercolor Effect Material (Upper/Lining): PU Leather Sole: Flexible and Durable TPR",shoes,slipper,sandals,buckle,unknown,women,casual,all-season,false,Pink,Pink,pink,pink,pink,Pink | Pink | Pink | Pink | Pink | Pink,minimal,36 | 37 | 38 | 39 | 40 | 41 | 51% Off | Online Exclusive | Online Exclusive Slippers | online exclusives | Pink | Sale | Sale     Stylo | Women Slippers,1500,PKR,https://stylo.pk/products/women-casual-sneaker-ws012618,https://cdn.shopify.com/s/files/1/0485/1459/7030/files/WS0126-18-36.png?v=1781865222
Stylo,Black Formal Sandal For Ladies FR5505,"Elegant black formal sandal for ladies featuring trendy braided crossover straps and a sleek flared heel. Perfect for weddings, parties, and sophisticated evening wear. Key Features Color: Black Style: Formal Braided Sandal Upper Material: Braided PU Heel Type: Flared Heel Heel Height: 3 Inches Closure: Buckle Strap Lining: PU Sole: TPR Styling Tips: Pair with a black saree for a sophisticated formal look.",shoes,sandal,heels,buckle,high,women,party | wedding | bridal | formal | office,summer | winter,false,Black,Black,black,black,neutral,Black | Black | Black | Black | Black | Black,elegant,35 | 36 | 37 | 38 | 39 | 40 | 41 | 42 | 43 | Azeem | Black | Formal | Heels | High Heels | New-26 | NewMar-26 | Sandals | Stylo | Summer Shoes | Summer stock | Winter-26 | Women Shoes,3800,PKR,https://stylo.pk/products/black-formal-sandal-for-ladies-fr5505,https://cdn.shopify.com/s/files/1/0485/1459/7030/files/FR550501_2.png?v=1772700608
Stylo,Fawn Court Shoes For Women WN7515,This elegant fawn court shoe for women features a sleek pointed-toe design and a stylish gold ornament. Its comfortable low flared heel makes it perfect for office wear and formal occasions. Key Features Color: Fawn Style: Pointed-Toe Court Shoe with Decorative Emblem Upper: Smooth Synthetic Leather Heel Type: Flared Low Heel Closure: Slip-on Footbed: Padded for extra comfort Sole: Durable Synthetic Use/Benefits: Perfect for professional work environments and formal events. Combines a sophisticated look with the stability of a low flared heel. Fit: Standard Fit,shoes,pump,heels,slip-on,mid,women,party | wedding | eid | formal | office,winter,false,Beige,Beige | Gold,fawn,fawn | gold,earth,Fawn | Fawn | Fawn | Fawn | Fawn | Fawn,elegant,35 | 36 | 37 | 38 | 39 | 40 | 41 | 42 | 43 | 51% Off | Block Heels Kitten Heels | Court Shoes | Eid Collection | Fawn | Heels | Low Heels | New-25 | NewDec-25 | Sale | Stylo | Winter | Winter-25 | Women Shoes,4410,PKR,https://stylo.pk/products/fawn-court-shoes-for-women-wn7515,https://cdn.shopify.com/s/files/1/0485/1459/7030/files/WN7515-14.png?v=1766240847
Stylo,Silver Court Shoes For Ladies WN7517,"This sophisticated silver court shoe features a shimmering finish and a chic pointed toe. Its unique sculpted heel provides elegance and stability for weddings, parties, or formal events. Key Features Color: Silver Style: Shimmering Pointed-Toe Court Shoe Upper: High-Quality Shimmer Synthetic Heel Type: Flared Kitten Heel Heel Height: 2 inches Closure: Slip-on Footbed: Cushioned for extra comfort Sole: Durable Synthetic Use/Benefits: Ideal for bridal wear, parties, and formal dinners. Offers a glamorous look with a stable, easy-to-walk-in heel. Fit: Standard Fit",shoes,pump,heels,slip-on,mid,women,party | wedding | bridal | eid | formal | office,winter,false,Grey,Grey,silver,silver,neutral,Silver | Silver | Silver | Silver | Silver | Silver,elegant,35 | 36 | 37 | 38 | 39 | 40 | 41 | 42 | 43 | 51% Off | Azeem | Block Heels Kitten Heels | Court Shoes | Eid Collection | Heels | Imported | Low Heels | New-25 | NewDec-25 | premium | Sale | Silver | Stylo | Winter | winter stock | Winter-25 | Women Shoes,4410,PKR,https://stylo.pk/products/silver-court-shoes-for-ladies-wn7517,https://cdn.shopify.com/s/files/1/0485/1459/7030/files/WN7517-16.png?v=1765953451
Stylo,Grey Court Shoes For Ladies WN7516,"This elegant grey court shoe for ladies features a shimmering metallic finish and a chic pointed toe. Its unique flared heel offers a sophisticated look with comfort for any formal or party wear. Key Features Color: Metallic Grey Style: Pointed-Toe Metallic Court Shoe Upper: Shimmering Synthetic Leather Heel Type: Flared Sculpted Heel Closure: Slip-on Footbed: Padded for enhanced comfort Sole: Durable Synthetic Use/Benefits: Ideal for professional office settings, weddings, and evening parties. The flared heel provides better stability while maintaining a high-fashion silhouette. Fit: Standard Fit",shoes,pump,heels,slip-on,mid,women,party | wedding | bridal | eid | formal | office,winter,false,Grey,Grey | Red,grey,grey | maroon,neutral,Grey | Grey | Grey | Grey | Grey | Grey,elegant,35 | 36 | 37 | 38 | 39 | 40 | 41 | 42 | 43 | 51% Off | Block Heels Kitten Heels | Court Shoes | Eid Collection | Grey | Heels | Imported | Low Heels | New-25 | NewDec-25 | premium | Sale | Stylo | variant:maroon-court-shoes-for-ladies-wn7516 | Winter | winter stock | Winter-25 | Women Shoes,4410,PKR,https://stylo.pk/products/grey-court-shoes-for-ladies-wn7516,https://cdn.shopify.com/s/files/1/0485/1459/7030/files/WN7516-07.png?v=1765953556
Stylo,Maroon Court Shoes For Ladies WN7516,"This elegant maroon court shoe for ladies features a shimmering metallic finish and a chic pointed toe. Its unique flared heel offers a sophisticated look with comfort for any formal or party wear. Key Features Color: Maroon Style: Pointed-Toe Metallic Court Shoe Upper: Shimmering Synthetic Leather Heel Type: Flared Sculpted Heel Closure: Slip-on Footbed: Padded for enhanced comfort Sole: Durable Synthetic Use/Benefits: Ideal for professional office settings, weddings, and evening parties. The flared heel provides better stability while maintaining a high-fashion silhouette. Fit: Standard Fit",shoes,pump,heels,slip-on,mid,women,party | wedding | bridal | eid | formal | office,winter,false,Red,Red | Grey,maroon,maroon | grey,red,Maroon | Maroon | Maroon | Maroon | Maroon | Maroon,elegant,35 | 36 | 37 | 38 | 39 | 40 | 41 | 42 | 43 | 51% Off | Azeem | Block Heels Kitten Heels | Court Shoes | Eid Collection | Heels | Imported | Low Heels | Maroon | New-25 | NewDec-25 | premium | Sale | Stylo | variant:grey-court-shoes-for-ladies-wn7516 | Winter | winter stock | Winter-25 | Women Shoes,4410,PKR,https://stylo.pk/products/maroon-court-shoes-for-ladies-wn7516,https://cdn.shopify.com/s/files/1/0485/1459/7030/files/WN7516-05.png?v=1765953346
Stylo,Beige Court Shoes For Ladies WN7514,"Elegant beige court shoe for women featuring a pointed toe and decorative bow with gold detailing. Its sculpted low heel provides stability and comfort for formal events or professional office wear. Key Features Color: Beige Style: Pointed-Toe Court Shoe with Decorative Bow Upper: Smooth Synthetic Leather Heel Type: Flared Kitten Heel Heel Height: 2 inches Closure: Slip-on Footbed: Cushioned for added comfort Sole: Durable Synthetic Use/Benefits: Ideal for professional work settings, formal gatherings, and parties. The low flared heel offers better balance and all-day comfort without sacrificing style. Fit: Standard Fit",shoes,pump,heels,slip-on,mid,women,party | wedding | eid | formal | office,winter,false,Beige,Beige | Black | Blue | Gold,beige,beige | black | sky blue | gold,earth,Beige | Beige | Beige | Beige | Beige | Beige,elegant,35 | 36 | 37 | 38 | 39 | 40 | 41 | 42 | 43 | 51% Off | Azeem | Beige | Block Heels Kitten Heels | Court Shoes | Eid Collection | Heels | Imported | Low Heels | New-25 | NewDec-25 | premium | Sale | Stylo | variant:black-court-shoes-for-ladies-wn7514 | variant:sky-blue-court-shoes-for-ladies-wn7514 | Winter | winter stock | Winter-25 | Women Shoes,4410,PKR,https://stylo.pk/products/beige-court-shoes-for-ladies-wn7514,https://cdn.shopify.com/s/files/1/0485/1459/7030/files/WN7514-62.png?v=1767770558
Stylo,Black Court Shoes For Ladies WN7514,"Elegant black court shoe for women featuring a pointed toe and decorative bow with gold detailing. Its sculpted low heel provides stability and comfort for formal events or professional office wear. Key Features Color: Black Style: Pointed-Toe Court Shoe with Decorative Bow Upper: Smooth Synthetic Leather Heel Type: Flared Kitten Heel Heel Height: 2 inches Closure: Slip-on Footbed: Cushioned for added comfort Sole: Durable Synthetic Use/Benefits: Ideal for professional work settings, formal gatherings, and parties. The low flared heel offers better balance and all-day comfort without sacrificing style. Fit: Standard Fit",shoes,pump,heels,slip-on,mid,women,party | wedding | eid | formal | office,winter,false,Black,Black | Beige | Blue | Gold,black,black | beige | sky blue | gold,neutral,Black | Black | Black | Black | Black | Black,elegant,35 | 36 | 37 | 38 | 39 | 40 | 41 | 42 | 43 | 51% Off | Azeem | Black | Block Heels Kitten Heels | Court Shoes | Eid Collection | Heels | Imported | Low Heels | New-25 | NewDec-25 | premium | Sale | Stylo | variant:beige-court-shoes-for-ladies-wn7514 | variant:sky-blue-court-shoes-for-ladies-wn7514 | Winter | winter stock | Winter-25 | Women Shoes,4410,PKR,https://stylo.pk/products/black-court-shoes-for-ladies-wn7514,https://cdn.shopify.com/s/files/1/0485/1459/7030/files/WN7514-01.png?v=1767770598
Stylo,Navy Back Open For Ladies WN5444,Elegant navy back open heel for ladies featuring a luxurious satin finish and radiant rhinestone embellishments. Designed with a sleek pointed toe and low kitten heel for a sophisticated evening look. Key Features Color: Navy Style: Embellished Back Open Upper Material: Satin Fabric Heel Type: Kitten Heel Closure: Slip-on Lining: PU Sole: TPR Occasion: Party / Wedding Fit: Standard Fit,shoes,block-heel,mules,slip-on,mid,women,casual | party | wedding | bridal | eid,winter,false,Blue,Blue | Pink,navy,navy | pink,blue,Navy | Navy | Navy | Navy | Navy | Navy,trendy,35 | 36 | 37 | 38 | 39 | 40 | 41 | 42 | 43 | 51% Off | Azeem | Back Open | Block Heels Kitten Heels | Eid Collection | Heels | Imported | Low Heels | Navy | New-25 | NewDec-25 | premium | Sale | Stylo | variant:pink-back-open-for-ladies-wn5444 | Winter | winter stock | Winter-25 | Women Shoes,4410,PKR,https://stylo.pk/products/navy-back-open-for-ladies-wn5444,https://cdn.shopify.com/s/files/1/0485/1459/7030/files/WN5444-48.png?v=1765538259
Stylo,Golden Back Open For Ladies WN5443,"Glamorous golden back open heel for ladies featuring a metallic finish, pointed toe, and chic circular buckle detail. Designed with a slim heel and elastic strap for a secure, stylish party look. Key Features Color: Golden Style: Pointed Back Open Upper Material: Metallic PU Heel Type: Slim Heel Closure: Slip-on Lining: PU Sole: TPR Occasion: Party / Wedding Fit: Standard Fit",shoes,heel,mules,buckle,low,women,casual | party | wedding | bridal | eid,winter,false,Gold,Gold | Grey,golden,golden | grey,earth,Golden | Golden | Golden | Golden | Golden | Golden,trendy,35 | 36 | 37 | 38 | 39 | 40 | 41 | 42 | 43 | 51% Off | Azeem | Back Open | Eid Collection | Golden | Heels | Imported | Low Heels | New-25 | NewDec-25 | premium | Sale | Stylo | variant:grey-back-open-for-ladies-wn5443 | Winter | winter stock | Winter-25 | Women Shoes,3920,PKR,https://stylo.pk/products/golden-back-open-for-ladies-wn5443,https://cdn.shopify.com/s/files/1/0485/1459/7030/files/WN5443-15_2.png?v=1765953245
Stylo,Grey Back Open For Ladies WN5443,"Glamorous grey back open heel for ladies featuring a metallic finish, pointed toe, and chic circular buckle detail. Designed with a slim heel and elastic strap for a secure, stylish party look. Key Features Color: Grey Style: Pointed Back Open Upper Material: Metallic PU Heel Type: Slim Heel Closure: Slip-on Lining: PU Sole: TPR Occasion: Party / Wedding Fit: Standard Fit",shoes,heel,mules,buckle,low,women,casual | party | wedding | bridal | eid,winter,false,Grey,Grey | Gold,grey,grey | golden,neutral,Grey | Grey | Grey | Grey | Grey | Grey,trendy,35 | 36 | 37 | 38 | 39 | 40 | 41 | 42 | 43 | 51% Off | Azeem | Back Open | Eid Collection | Grey | Heels | Imported | Low Heels | New-25 | NewDec-25 | premium | Sale | Stylo | variant:golden-back-open-for-ladies-wn5443 | Winter | winter stock | Winter-25 | Women Shoes,3920,PKR,https://stylo.pk/products/grey-back-open-for-ladies-wn5443,https://cdn.shopify.com/s/files/1/0485/1459/7030/files/WN5443-07_2_05063e53-3ada-4dd1-bb45-6aa252f5b9f7.png?v=1765954058
Stylo,Brown Back Open For Ladies WN5438,Trendy brown back open loafer for ladies featuring a classic horsebit buckle and a chunky lug sole. Combines sophisticated style with a durable platform for a comfortable daily wear experience. Key Features Color: Brown Style: Loafer Mule Upper Material: Synthetic Leather Heel Type: Chunky Heel Closure: Slip-on Lining: PU Sole: TPR Occasion: Casual / Daily Wear Fit: Standard Fit,shoes,heel,mules,buckle,platform,women,casual | party | eid,winter,false,Brown,Brown | Black,brown,brown | black,earth,Brown | Brown | Brown | Brown | Brown | Brown,trendy,35 | 36 | 37 | 38 | 39 | 40 | 41 | 42 | 43 | 51% Off | Back Open | Brown | Eid Collection | Heels | Imported | Mid Heels | New-25 | NewDec-25 | premium | Sale | Stylo | variant:black-back-open-for-women-wn5438 | Winter | winter stock | Winter-25 | Women Shoes,4170,PKR,https://stylo.pk/products/brown-back-open-for-ladies-wn5438,https://cdn.shopify.com/s/files/1/0485/1459/7030/files/WN5438-02_2.png?v=1765953513
Stylo,Black Pumps For Ladies WN1330,"Step into style with this black pump for ladies. Featuring a chic mesh upper adorned with silver studs and a low block heel, it’s the perfect blend of edgy fashion and all-day comfort. Key Features Color: Jet Black with Silver Studs Style: Studded Mesh Pointed-Toe Pump Upper: Breathable Mesh with Metallic Stud Embellishments Heel Type: Comfortable Low Block Heel Closure: Easy Slip-On Design Footbed: Lightly Padded for Enhanced Comfort Sole: Durable Non-Slip Synthetic Outsole Use: Evening Parties, Casual Outings, and Daily Style Fit: Regular Fit",shoes,pump,heels,slip-on,low,women,party | wedding | eid,summer | winter,false,Black,Black | Grey,black,black | silver,neutral,Black | Black | Black | Black | Black | Black,elegant,35 | 36 | 37 | 38 | 39 | 40 | 41 | 42 | 43 | 51% Off | Azeem | Black | Eid Collection | Heels | Low Heels | New-25 | NewDec-25 | premium | Pumps | Sale | Stylo | Winter | winter stock | Winter-25 | Women Shoes,3430,PKR,https://stylo.pk/products/black-pumps-for-ladies-wn1330,https://cdn.shopify.com/s/files/1/0485/1459/7030/files/WN1330-01_90b58411-15fe-490a-9ce1-342531518544.png?v=1770103345
Stylo,Blue Pumps For Ladies WN1291,"This blue pump for ladies features a chic two-tone design with a patterned upper and decorative metallic studs. Its stable low block heel ensures all-day comfort for professional or daily wear. Key Features Color: Navy Blue &amp; White Style: Two-Tone Block Heel Pump Upper: Premium Synthetic with Micro-Dot Texture Heel Type: Stable Low Block Heel Heel Height: 1.5 Inches Closure: Easy Slip-On Design Footbed: Padded for Enhanced Support Sole: Durable Non-Slip Synthetic Outsole Use: Office Wear, Formal Meetings, and Daily Style Fit: Regular Fit",shoes,pump,heels,slip-on,mid,women,party | wedding | eid | formal | office,winter,false,Blue,Blue | Black | White,blue,blue | black | white,blue,Blue | Blue | Blue | Blue | Blue | Blue,elegant,35 | 36 | 37 | 38 | 39 | 40 | 41 | 42 | 43 | 51% Off | Azeem | Blue | Eid Collection | Heels | Imported | Mid Heels | New-25 | NewDec-25 | premium | Pumps | Sale | Stylo | variant:black-pumps-for-ladies-wn1291 | Winter | winter stock | Winter-25 | Women Shoes,4410,PKR,https://stylo.pk/products/blue-pumps-for-ladies-wn1291,https://cdn.shopify.com/s/files/1/0485/1459/7030/files/WN1291-12.png?v=1765953744
Stylo,Black Pumps For Ladies WN1291,"This black pump for ladies features a chic two-tone design with a patterned upper and decorative metallic studs. Its stable low block heel ensures all-day comfort for professional or daily wear. Key Features Color: Black &amp; White Style: Two-Tone Block Heel Pump Upper: Premium Synthetic with Micro-Dot Texture Heel Type: Stable Low Block Heel Heel Height: 1.5 Inches Closure: Easy Slip-On Design Footbed: Padded for Enhanced Support Sole: Durable Non-Slip Synthetic Outsole Use: Office Wear, Formal Meetings, and Daily Style Fit: Regular Fit",shoes,pump,heels,slip-on,mid,women,party | wedding | eid | formal | office,winter,false,Black,Black | Blue | White,black,black | blue | white,neutral,Black | Black | Black | Black | Black | Black,elegant,35 | 36 | 37 | 38 | 39 | 40 | 41 | 42 | 43 | 51% Off | Azeem | Black | Eid Collection | Heels | Imported | Mid Heels | New-25 | NewDec-25 | premium | Pumps | Sale | Stylo | variant:blue-pumps-for-ladies-wn1291 | Winter | winter stock | Winter-25 | Women Shoes,4410,PKR,https://stylo.pk/products/black-pumps-for-ladies-wn1291,https://cdn.shopify.com/s/files/1/0485/1459/7030/files/WN1291-01_c79a6247-c17e-4b76-97b7-e611ec532464.png?v=1765953693
Stylo,Black Court Shoes For Women WN7515,This elegant black court shoe for women features a sleek pointed-toe design and a stylish gold ornament. Its comfortable low flared heel makes it perfect for office wear and formal occasions. Key Features Color: Black Style: Pointed-Toe Court Shoe with Decorative Emblem Upper: Smooth Synthetic Leather Heel Type: Flared Low Heel Closure: Slip-on Footbed: Padded for extra comfort Sole: Durable Synthetic Use/Benefits: Perfect for professional work environments and formal events. Combines a sophisticated look with the stability of a low flared heel. Fit: Standard Fit,shoes,pump,heels,slip-on,mid,women,party | wedding | eid | formal | office,winter,false,Black,Black | Pink | Gold,black,black | pink | gold,neutral,Black | Black | Black | Black | Black | Black,elegant,35 | 36 | 37 | 38 | 39 | 40 | 41 | 42 | 43 | 51% Off | Azeem | Black | Block Heels Kitten Heels | Court Shoes | Eid Collection | Heels | Imported | Mid Heels | New-25 | NewDec-25 | premium | Sale | Stylo | variant:pink-court-shoes-for-ladies-wn7515 | Winter | winter stock | Winter-25 | Women Shoes,4410,PKR,https://stylo.pk/products/black-court-shoes-for-women-wn7515,https://cdn.shopify.com/s/files/1/0485/1459/7030/files/WN7515-01.png?v=1767776301
Stylo,Golden Court Shoes For Women WN7517,"This sophisticated golden court shoe features a shimmering finish and a chic pointed toe. Its unique sculpted heel provides elegance and stability for weddings, parties, or formal events. Key Features Color: Golden Style: Shimmering Pointed-Toe Court Shoe Upper: High-Quality Shimmer Synthetic Heel Type: Flared Kitten Heel Heel Height: 2 inches Closure: Slip-on Footbed: Cushioned for extra comfort Sole: Durable Synthetic Use/Benefits: Ideal for bridal wear, parties, and formal dinners. Offers a glamorous look with a stable, easy-to-walk-in heel. Fit: Standard Fit",shoes,pump,heels,slip-on,mid,women,party | wedding | bridal | eid | formal | office,winter,false,Gold,Gold,golden,golden,earth,Golden | Golden | Golden | Golden | Golden | Golden,elegant,35 | 36 | 37 | 38 | 39 | 40 | 41 | 42 | 43 | 51% Off | Azeem | Court Shoes | Eid Collection | Golden | Heels | Imported | Mid Heels | New-25 | NewDec-25 | premium | Sale | Stylo | Winter | winter stock | Winter-25 | Women Shoes,4410,PKR,https://stylo.pk/products/golden-court-shoes-for-women-wn7517,https://cdn.shopify.com/s/files/1/0485/1459/7030/files/WN7517-15.png?v=1767776279
Stylo,Grey Pumps For Women WN1290,"Elevate your office look with this grey pump for ladies. Featuring a pointed toe, gold buckle detail, and a low block heel, it offers perfect elegance and all-day comfort. Key Features Color: Grey Style: Pointed-Toe Formal Pump Upper: Premium Textured Synthetic with Gold Buckle Heel Type: Low Block Heel with Metallic Detail Heel Height: 1 Inch Closure: Easy Slip-On Design Footbed: Cushioned for All-Day Comfort Sole: Durable Non-Slip Outsole Use: Office Wear, Formal Meetings, and Daily Style Fit: Standard Fit",shoes,pump,heels,buckle,low,women,party | wedding | eid | formal | office,winter,false,Grey,Grey | Gold,grey,grey | gold,neutral,Grey | Grey | Grey | Grey | Grey | Grey | Grey,elegant,35 | 36 | 37 | 38 | 39 | 40 | 41 | 42 | 43 | 51% Off | Eid Collection | Grey | Heels | Imported | Low Heels | New-25 | NewDec-25 | premium | Pumps | Sale | Stylo | Winter | winter stock | Winter-25 | Women Shoes,4410,PKR,https://stylo.pk/products/grey-pumps-for-women-wn1290,https://cdn.shopify.com/s/files/1/0485/1459/7030/files/WN1290-07_bf9d0ce8-0563-409e-84fe-5618cc2572b1.png?v=1765956126
Stylo,Navy Moccasin For Ladies WN4519,"Step out in sophisticated comfort with these Navy Moccasins for Ladies. Featuring a glossy patent finish with a textured detail on the vamp, an elegant golden metallic bar, and a subtle wedge heel with a metallic accent, these slip-on loafers are perfect for adding a polished touch to your office wear, casual outings, or dressy events. Product Details: Color: Navy Blue Style: Moccasin, Loafer, Wedge Heel, Buckled Detail, Dressy Casual Upper: Mixed Faux Leather Heel Type: Wedge Heel Height: 1 inch Closure: Slip-on Footbed: Cushioned Sole: Durable Synthetic Use: Casual, Office, Everyday, Dressy Casual Fit: True to Size Accent: Golden metallic bar and heel trim",shoes,moccasin,heels,buckle,platform,women,party | wedding | eid | formal | office,winter,false,Blue,Blue | Gold,navy,navy | golden,blue,Navy | Navy | Navy | Navy | Navy | Navy,elegant,35 | 36 | 37 | 38 | 39 | 40 | 41 | 42 | 43 | 51% Off | Eid Collection | Heels | Imported | Low Heels | Moccasin | Navy | New-25 | NewDec-25 | premium | Sale | Stylo | Winter | winter stock | Winter-25 | Women Shoes,4410,PKR,https://stylo.pk/products/navy-moccasin-for-ladies-wn4519,https://cdn.shopify.com/s/files/1/0485/1459/7030/files/WN4519-48_b2653344-7196-4414-9d9d-45e9b33462db.png?v=1767777141
Stylo,Beige Court Shoes For Ladies WN7518,"Step out in sophisticated style with these elegant Beige Court Shoes for Ladies. Featuring a sleek pointed toe, a unique flared heel with a sparkling rhinestone accent, and a chic golden metallic chain detail across the vamp, these court shoes are perfect for adding a touch of glamour to office wear, formal events, or evening outings. Product Details: Color: Beige Style: Court Shoe, Pump, Pointed Toe, Flared Heel, Embellished Upper: Patent Faux Leather Heel Type: Flared Heel (with rhinestone trim) Heel Height: 3 inches Closure: Slip-on Footbed: Cushioned Sole: Durable Synthetic Use: Formal, Office, Evening, Party, Special Occasions Fit: True to Size Embellishment: Golden metallic chain on vamp, Rhinestone trim on heel",shoes,pump,heels,slip-on,mid,women,party | wedding | eid | formal | office,winter,false,Beige,Beige | Gold,beige,beige | golden,earth,Beige | Beige | Beige | Beige | Beige | Beige,elegant,35 | 36 | 37 | 38 | 39 | 40 | 41 | 42 | 43 | 51% Off | Azeem | Beige | Court Shoes | Eid Collection | Heels | Imported | Mid Heels | New-25 | NewDec-25 | premium | Sale | Stylo | Winter | winter stock | Winter-25 | Women Shoes,4410,PKR,https://stylo.pk/products/beige-court-shoes-for-ladies-wn7518,https://cdn.shopify.com/s/files/1/0485/1459/7030/files/WN7518-62.png?v=1767777182
Stylo,Black Court Shoes For Ladies WN7518,"Step out in sophisticated style with these elegant Black Court Shoes for Ladies. Featuring a sleek pointed toe, a unique flared heel with a sparkling rhinestone accent, and a chic golden metallic chain detail across the vamp, these court shoes are perfect for adding a touch of glamour to office wear, formal events, or evening outings. Product Details: Color: Black Style: Court Shoe, Pump, Pointed Toe, Flared Heel, Embellished Upper: Patent Faux Leather Heel Type: Flared Heel (with rhinestone trim) Heel Height: 3 inches Closure: Slip-on Footbed: Cushioned Sole: Durable Synthetic Use: Formal, Office, Evening, Party, Special Occasions Fit: True to Size Embellishment: Golden metallic chain on vamp, Rhinestone trim on heel",shoes,pump,heels,slip-on,mid,women,party | wedding | eid | formal | office,winter,false,Black,Black | Gold,black,black | golden,neutral,Black | Black | Black | Black | Black | Black,elegant,35 | 36 | 37 | 38 | 39 | 40 | 41 | 42 | 43 | 51% Off | Azeem | Black | Court Shoes | Eid Collection | Heels | Imported | Mid Heels | New-25 | NewDec-25 | premium | Sale | Stylo | Winter | winter stock | Winter-25 | Women Shoes,4410,PKR,https://stylo.pk/products/black-court-shoes-for-ladies-wn7518,https://cdn.shopify.com/s/files/1/0485/1459/7030/files/WN7518-01.png?v=1765966867
Stylo,Black Back Open For Women WN5489,Edgy black back open flat for women featuring a studded pointed toe and stylish double buckle straps. A perfect blend of bold design and comfort for casual outings or office wear. Key Features Color: Black Style: Studded Pointed Toe Upper Material: Synthetic Leather Heel Type: Flat Heel Closure: Buckle Strap Lining: PU Sole: TPR Occasion: Casual / Office Fit: Standard Fit,shoes,flat,flats,buckle,flat,women,casual | office | eid | formal,winter,false,Black,Black,black,black,neutral,Black | Black | Black | Black | Black | Black,minimal,35 | 36 | 37 | 38 | 39 | 40 | 41 | 42 | 43 | 51% Off | Azeem | Back Open | Black | Eid Collection | Flats | New-25 | NewNov-25 | Sale | Stylo | Winter | winter stock | Winter-25 | Women Shoes,2000,PKR,https://stylo.pk/products/black-back-open-for-women-wn5489,https://cdn.shopify.com/s/files/1/0485/1459/7030/files/WN5489-01.png?v=1767854446
Stylo,Beige Back Open For Women WN5434,"Elegant beige back open flat for women featuring a sophisticated pointed toe and decorative double buckle straps. Crafted with a smooth synthetic finish, perfect for office and formal wear. Key Features Color: Beige Style: Pointed Back Open Upper Material: Synthetic Leather Heel Type: Flat Heel Closure: Buckle Strap Lining: PU Sole: TPR Occasion: Office / Formal Fit: Standard Fit",shoes,mule,mules,buckle,flat,women,casual | party | eid | formal | office,winter,false,Beige,Beige | Black | Brown,beige,beige | black | brown,earth,Beige | Beige | Beige | Beige | Beige | Beige,trendy,35 | 36 | 37 | 38 | 39 | 40 | 41 | 42 | 43 | 51% Off | Back Open | Beige | Eid Collection | Imported | New-25 | NewNov-25 | premium | Sale | Stylo | The Working Girl Drop | variant:black-back-open-for-women-wn5434 | variant:brown-back-open-for-women-wn5434 | Winter | winter stock | Winter-25 | Women Shoes | Flats,3920,PKR,https://stylo.pk/products/beige-back-open-for-women-wn5434,https://cdn.shopify.com/s/files/1/0485/1459/7030/files/WN5434-62.png?v=1765606912
Stylo,Beige Women Pumps WN1210,"Elevate your daily look with this beige pump for women. Featuring chic gold-tone studs and a classic Mary Jane strap, it offers a perfect blend of style and all-day comfort for any occasion. Key Features Color: Elegant Beige Style: Studded Mary Jane Ballet Pump Upper: Premium Synthetic Leather with Gold Stud Accents Heel Type: Comfortable Flat Closure: Secure Mary Jane Hook-and-Loop Strap Footbed: Padded Insole for Enhanced Support Sole: Durable Non-Slip Synthetic Outsole Use: Office Wear, Daily Use, and Casual Outings Fit: Regular Fit",shoes,pump,flats,buckle,flat,women,casual | office | eid | formal,winter,false,Beige,Beige | Black | Gold,beige,beige | black | gold,earth,Beige | Beige | Beige | Beige | Beige | Beige | Beige,minimal,31% Off | 35 | 36 | 37 | 38 | 39 | 40 | 41 | 42 | 43 | Azeem | Beige | Eid Collection | Flats | New-25 | NewNov-25 | Pumps | Sale | Stylo | variant:black-women-pumps-wn1210 | Winter | winter stock | Winter-25 | Women Shoes,1800,PKR,https://stylo.pk/products/beige-women-pumps-wn1210,https://cdn.shopify.com/s/files/1/0485/1459/7030/files/WN1210-62_199a9042-4c8b-4b1b-8bc8-01f3769dd25e.png?v=1768201139
Stylo,Black Back Open For Women WN5434,"Elegant black back open flat for women featuring a sophisticated pointed toe and decorative double buckle straps. Crafted with a smooth synthetic finish, perfect for office and formal wear. Key Features Color: Black Style: Pointed Back Open Upper Material: Synthetic Leather Heel Type: Flat Heel Closure: Buckle Strap Lining: PU Sole: TPR Occasion: Office / Formal Fit: Standard Fit",shoes,flat,flats,buckle,flat,women,casual | office | eid | formal,winter,false,Black,Black | Beige | Brown,black,black | beige | brown,neutral,Black | Black | Black | Black | Black | Black,minimal,35 | 36 | 37 | 38 | 39 | 40 | 41 | 42 | 43 | 51% Off | Back Open | Black | Eid Collection | Imported | New-25 | NewNov-25 | premium | Sale | Stylo | The Working Girl Drop | variant:beige-back-open-for-women-wn5434 | variant:brown-back-open-for-women-wn5434 | Winter | winter stock | Winter-25 | Women Shoes | Flats,3920,PKR,https://stylo.pk/products/black-back-open-for-women-wn5434,https://cdn.shopify.com/s/files/1/0485/1459/7030/files/WN5434-01.png?v=1767854448
Stylo,Black Women Pumps WN1286,"Elevate your look with this pink woman pump. Featuring stylish silver eyelet details and a classic Mary Jane buckle strap, it’s the perfect blend of edgy fashion and all-day walking comfort. Key Features Color: Black Style: Mary Jane Eyelet Pump Upper: Premium Synthetic with Silver Grommet Accents Heel Type: Comfortable Low Block Heel Closure: Adjustable Buckle Strap Footbed: Cushioned Insole for All-Day Wear Sole: Durable Non-Slip Synthetic Outsole Use: Office Wear, Casual Outings, and Daily Fashion Fit: Regular Fit",shoes,pump,flats,buckle,flat,women,casual | office | eid | formal,winter,false,Black,Black | Pink | Grey,black,black | pink | silver,neutral,Black | Black | Black | Black | Black | Black,minimal,35 | 36 | 37 | 38 | 39 | 40 | 41 | 42 | 43 | 51% Off | Azeem | Black | Eid Collection | Imported | New-25 | NewNov-25 | premium | Pumps | Sale | Stylo | The Working Girl Drop | variant:pink-women-pumps-wn1286 | Winter | winter stock | Winter-25 | Women Shoes | Flats,3920,PKR,https://stylo.pk/products/black-women-pumps-wn1286,https://cdn.shopify.com/s/files/1/0485/1459/7030/files/WN1286-01_2f094bef-4df0-451f-a0dd-b3524a0dcc5b.png?v=1765952403
Stylo,Brown Back Open For Women WN5434,Trendy leopard print back open flat for women featuring a chic pointed toe and dual buckle straps. This bold slingback design offers a perfect blend of style and comfort for any casual outing. Key Features Color: Leopard Brown Style: Pointed Back Open Upper Material: Synthetic Leather Heel Type: Flat Heel Closure: Buckle Strap Lining: PU Sole: TPR Occasion: Office / Formal Fit: Standard Fit,shoes,mule,mules,buckle,flat,women,casual | party | formal | office,winter,false,Brown,Brown | Beige | Black,brown,brown | beige | black,earth,Brown | Brown | Brown | Brown | Brown | Brown,trendy,35 | 36 | 37 | 38 | 39 | 40 | 41 | 42 | 43 | 51% Off | Azeem | Back Open | Brown | Imported | New-25 | NewNov-25 | premium | Sale | Stylo | variant:beige-back-open-for-women-wn5434 | variant:black-back-open-for-women-wn5434 | Winter | winter stock | Winter-25 | Women Shoes | Flats,3920,PKR,https://stylo.pk/products/brown-back-open-for-women-wn5434,https://cdn.shopify.com/s/files/1/0485/1459/7030/files/WN5434-02.png?v=1767854448
Stylo,Pink Women Pumps WN1286,"Elevate your look with this pink woman pump. Featuring stylish silver eyelet details and a classic Mary Jane buckle strap, it’s the perfect blend of edgy fashion and all-day walking comfort. Key Features Color: Elegant Dusty Pink Style: Mary Jane Eyelet Pump Upper: Premium Synthetic with Silver Grommet Accents Heel Type: Comfortable Low Block Heel Closure: Adjustable Buckle Strap Footbed: Cushioned Insole for All-Day Wear Sole: Durable Non-Slip Synthetic Outsole Use: Office Wear, Casual Outings, and Daily Fashion Fit: Regular Fit",shoes,pump,flats,buckle,flat,women,casual | office | eid | formal,winter,false,Pink,Pink | Black | Grey,pink,pink | black | silver,pink,Pink | Pink | Pink | Pink | Pink | Pink,minimal,35 | 36 | 37 | 38 | 39 | 40 | 41 | 42 | 43 | 51% Off | Azeem | Eid Collection | Imported | New-25 | NewNov-25 | Pink | premium | Pumps | Sale | Stylo | The Working Girl Drop | variant:black-women-pumps-wn1286 | Winter | winter stock | Winter-25 | Women Shoes | Flats,3920,PKR,https://stylo.pk/products/pink-women-pumps-wn1286,https://cdn.shopify.com/s/files/1/0485/1459/7030/files/WN1286-18_1a816f27-a5e5-4c66-ae35-38ef5f02aefe.png?v=1765952425
Stylo,Silver Casual Women Softy CL5591,"Unleash your stylish side with our Silver Snake Print Casual Softy slides! These on-trend softys feature a chic criss-cross strap with a subtle, multi-tonal snake print, all on a comfortable, cushioned platform sole. Perfect for adding a fashionable edge to your casual outfits, adventures, or effortless everyday wear. Product Details: Color: Multi-color (Lavender, Teal, Silver Snake Print) Style: Casual Slide, Softy, Criss-Cross Straps, Animal Print Upper: Faux Leather / Synthetic with Snake Print Heel Height: 1 Inch Closure: Slip-on Sole: Lightweight EVA Use: Casual, Daily Wear, Beach, Fashion, Errands Fit: Regular",shoes,flat,flats,buckle,flat,women,casual | office | eid,summer | winter,false,Grey,Grey | Purple | Teal,silver,silver | lavender | teal,neutral,Silver | Silver | Silver | Silver | Silver | Silver,minimal,35 | 36 | 37 | 38 | 39 | 40 | 41 | 42 | 43 | 51% Off | Casual | Eid Collection | New-25 | NewNov-25 | Online Exclusive | Online Exclusives | Sale | Silver | Softys | Stylo | Summer Shoes | Summer stock | variant:grey-casual-women-softy-cl5591 | Winter-25 | Women Shoes | Women Softys | Flats,1500,PKR,https://stylo.pk/products/silver-casual-women-softy-cl5591,https://cdn.shopify.com/s/files/1/0485/1459/7030/files/CL5591.webp?v=1782122872
Stylo,Seagreen Casual Slipper For Women CL2249,This seagreen casual slipper for women features trendy padded double straps with a gold chain accent. The square-toe design and flat sole provide a chic and comfortable everyday summer look. Key Features Color: Seagreen Style: Double Strap Slide Upper Material: Synthetic PU Heel Type: Flat Closure: Slip-on Lining: PU Sole: TPR Styling Tips: Wear with a floral dress for a fresh look.,shoes,slipper,flats,buckle,flat,women,casual | office,summer | winter,false,Green,Green | Black | Gold,seagreen,seagreen | black | gold,green,Seagreen | Seagreen | Seagreen | Seagreen | Seagreen | Seagreen | Seagreen | Seagreen,minimal,35 | 36 | 37 | 38 | 39 | 40 | 41 | 42 | 43 | Azeem | Casual | Flats | New-26 | NewMar-26 | Seagreen | Slippers | Stylo | Summer Shoes | Summer stock | variant:black-casual-slipper-for-women-cl2249 | Winter-26 | Women Shoes,1800,PKR,https://stylo.pk/products/seagreen-casual-slipper-for-women-cl2249,https://cdn.shopify.com/s/files/1/0485/1459/7030/files/CL224953_74c9e8b5-12ea-40ce-891f-4c633aeaaaf8.webp?v=1782128100
Stylo,Silver Casual Slipper For Ladies CL2257,"This silver casual slipper for ladies features a sleek metallic finish and a sparkling rhinestone circular buckle. A chic, comfortable choice for daily wear or evening casual gatherings. Key Features Color: Silver Style: Metallic Buckle Slide Upper Material: Metallic Synthetic PU Heel Type: Flat Closure: Slip-on Lining: PU Sole: TPR Styling Tips: Pair with blue jeans and a sequined top perfectly.",shoes,slipper,flats,buckle,flat,women,casual | office | party,summer | winter,false,Grey,Grey | Gold | Blue,silver,silver | golden | blue,neutral,Silver | Silver | Silver | Silver | Silver | Silver | Silver | Silver,minimal,35 | 36 | 37 | 38 | 39 | 40 | 41 | 42 | 43 | Azeem | Casual | Flats | New-26 | NewMar-26 | Silver | Slippers | Stylo | Summer Shoes | Summer stock | variant:golden-casual-slipper-for-women-cl2257 | Winter-26 | Women Shoes,2000,PKR,https://stylo.pk/products/silver-casual-slipper-for-ladies-cl2257,https://cdn.shopify.com/s/files/1/0485/1459/7030/files/CL225716_2.webp?v=1782128100
Stylo,Black Pumps WN1252,"This elegant black pump features a shimmering textured upper and a delicate rhinestone-lined strap. A stylish flat shoe designed for grace and comfort, perfect for parties or formal occasions. Key Features Color: Black Style: Ballerina Flat Pump with Sparkly Trim Upper: Textured Shimmer Synthetic Heel Type: Flat Closure: Slip-on Footbed: Padded for extra comfort Sole: Durable TPR Use/Benefits: Ideal for weddings, festive parties, or work. Provides a glamorous metallic look with the all-day comfort of a flat sole. Fit: Standard Fit",shoes,pump,flats,buckle,flat,women,casual | office | wedding | bridal | eid | formal,winter,false,Black,Black | Brown | Grey,black,black | coffee | silver,neutral,Black | Black | Black | Black | Black | Black | Black,minimal,35 | 36 | 37 | 38 | 39 | 40 | 41 | 42 | 43 | 51% Off | Azeem | Black | Coffee Meets Winter | Eid Collection | Flats | New-25 | NewAug-25 | Pumps | Sale | Stylo | variant:silver-pumps-wn1252 | Winter | winter stock | Winter-25 | Women Shoes,1200,PKR,https://stylo.pk/products/black-pumps-wn1252,https://cdn.shopify.com/s/files/1/0485/1459/7030/files/WN1252-01.png?v=1767854465
Stylo,Pink Pumps WN5409,"This chic pink pumps features a smooth matte finish and a minimalist gold-toned button detail. A versatile flat shoe designed for all-day comfort and effortless style for any occasion. Key Features Color: Dusty Pink Style: Round-Toe Flat Pumps with Gold Detail Upper: Soft Synthetic Leather Heel Type: Flat Closure: Slip-on Footbed: Cushioned for comfort Sole: Durable PVC Use/Benefits: Ideal for daily office wear, casual outings, or formal events. Offers a sophisticated look with the ease of flat footwear. Fit: Standard Fit",shoes,pump,flats,slip-on,flat,women,casual | office | eid | formal,winter,false,Pink,Pink | Gold,pink,pink | gold,pink,Pink | Pink | Pink | Pink | Pink | Pink,minimal,35 | 36 | 37 | 38 | 39 | 40 | 41 | 42 | 43 | 51% Off | Azeem | Eid Collection | Flats | New-25 | NewJul-25 | Pink | Pumps | Sale | Stylo | Winter | winter stock | Winter-25 | Women Shoes,1000,PKR,https://stylo.pk/products/pink-pumps-wn5409,https://cdn.shopify.com/s/files/1/0485/1459/7030/files/WN5409-18.jpg?v=1781853191
Stylo,Pink Pumps WN5410,"Elevate your style with this pink pump for ladies. Featuring a smooth finish and chic gold buckle, it’s the perfect blend of office elegance and all-day comfort for any daily occasion. Product Details Shoe Type: Pumps Toe Shape: Square Heel Height: Flat Design Details: Decorative Gold-Tone Chain-Link Buckle Material: PU Leather Lining: PU Sole: TPR",shoes,pump,flats,buckle,flat,women,casual | office | eid | formal,winter,false,Pink,Pink | Gold,pink,pink | gold,pink,Pink | Pink | Pink | Pink | Pink | Pink,minimal,35 | 36 | 37 | 38 | 39 | 40 | 41 | 42 | 43 | 51% Off | Azeem | Eid Collection | Flats | New-25 | NewJul-25 | Pink | Pumps | Sale | Stylo | Winter | winter stock | Winter-25 | Women Shoes,1200,PKR,https://stylo.pk/products/pink-pumps-wn5410,https://cdn.shopify.com/s/files/1/0485/1459/7030/files/WN5410-18-36.png?v=1781866990
Stylo,Golden Women Pumps WN1249,"This stylish golden woman’s pump features a chic two-tone design with a metallic cap toe. A comfortable flat shoe ideal for office wear or casual outings, ensuring elegance in every step. Key Features Color: Off-White &amp; Golden Style: Two-Tone Cap Toe Flat Pump Upper: Synthetic Leather with Metallic Finish Heel Type: Flat Closure: Slip-on Footbed: Lightly Padded for comfort Sole: Flexible Synthetic Use/Benefits: Versatile for daily wear, office, or formal events. Provides a sophisticated look with the ease of a flat sole. Fit: Standard Fit",shoes,pump,flats,slip-on,flat,women,casual | office | eid | formal,winter,false,Gold,Gold | Red | White,golden,golden | maroon | off white,earth,Golden | Golden | Golden | Golden | Golden | Golden,minimal,35 | 36 | 37 | 38 | 39 | 40 | 41 | 42 | 43 | 51% Off | Azeem | Eid Collection | Flats | Golden | New-25 | NewAug-25 | Pumps | Sale | Stylo | The Inner Edit | variant:maroon-women-pumps-wn1249 | Winter | winter stock | Winter-25 | Women Shoes,1500,PKR,https://stylo.pk/products/golden-women-pumps-wn1249,https://cdn.shopify.com/s/files/1/0485/1459/7030/files/WN1249-15.png?v=1767854478
Stylo,Maroon Women Pumps WN1249,"This stylish maroon woman’s pump features a chic two-tone design with a two-tone cap toe. A comfortable flat shoe ideal for office wear or casual outings, ensuring elegance in every step. Key Features Color: Maroon Style: Two-Tone Cap Toe Flat Pump Upper: Synthetic Leather with Metallic Finish Heel Type: Flat Closure: Slip-on Footbed: Lightly Padded for comfort Sole: Flexible Synthetic Use/Benefits: Versatile for daily wear, office, or formal events. Provides a sophisticated look with the ease of a flat sole. Fit: Standard Fit",shoes,pump,flats,slip-on,flat,women,casual | office | eid | formal,winter,false,Red,Red | Gold,maroon,maroon | golden,red,Maroon | Maroon | Maroon | Maroon | Maroon | Maroon,minimal,35 | 36 | 37 | 38 | 39 | 40 | 41 | 42 | 43 | 51% Off | Azeem | Eid Collection | Flats | Maroon | New-25 | NewAug-25 | Pumps | Sale | Stylo | The Inner Edit | variant:golden-women-pumps-wn1249 | Winter | winter stock | Winter-25 | Women Shoes,1500,PKR,https://stylo.pk/products/maroon-women-pumps-wn1249,https://cdn.shopify.com/s/files/1/0485/1459/7030/files/WN1249-05.png?v=1767854309
Stylo,Pink Formal Slipper FR8394,Sleek and elegant formal slippers that elevate any outfit with ease. Product Details Heel: 1Inch Toe Shape: Round Design Details: Rhinestone Sheet Material: PU Sole: PVC Lining: PU,shoes,slipper,flats,slip-on,flat,women,casual | office | eid | formal,summer | winter,false,Pink,Pink | Black,pink,pink | black,pink,Pink | Pink | Pink | Pink | Pink | Pink | Pink,minimal,35 | 36 | 37 | 38 | 39 | 40 | 41 | 42 | 43 | 51% Off | Azeem | Eid Collection | Flats | Formal | New-25 | NewJun-25 | Pink | Sale | Slippers | Stylo | Summer Shoes | Summer stock | variant:black-formal-slipper-fr8394 | Winter-25 | Women Shoes,1370,PKR,https://stylo.pk/products/pink-formal-slipper-fr8394,https://cdn.shopify.com/s/files/1/0485/1459/7030/files/FR8394-18.png?v=1766148158
Stylo,Pink Formal Sandal For Women FR5515,"This pink formal sandal for women features a chic snakeskin texture and a stylish oversized bow. The comfortable low block heel makes it perfect for weddings, parties, and formal occasions. Key Features Color: Light Pink Style: Snakeskin Textured Bow Sandal Upper: Premium Synthetic with Reptile Texture Heel Type: Trendy Low Block Heel Closure: Adjustable Buckle Ankle Strap Footbed: Lightly Cushioned for Added Comfort Sole: Durable Non-Slip Outsole Use: Formal Parties, Weddings, and Evening Events Fit: Standard Fit",shoes,sandal,sandals,buckle,mid,women,casual | party | wedding | bridal | eid | formal | office,summer | winter,false,Pink,Pink | Beige,pink,pink | beige,pink,Pink | Pink | Pink | Pink | Pink | Pink,trendy,35 | 36 | 37 | 38 | 39 | 40 | 41 | 42 | 43 | 51% Off | All Discounts | Azeem | Block Heels Kitten Heels | Eid Collection | Formal | Heels | Low Heels | New-26 | NewJan-26 | Pink | Sale | Sandals | Stylo | Summer Shoes | Summer stock | variant:beige-formal-sandal-for-ladies-fr5515 | Winter-26 | Women Shoes,1960,PKR,https://stylo.pk/products/pink-formal-sandal-for-women-fr5515,https://cdn.shopify.com/s/files/1/0485/1459/7030/files/FR551518_352bc11f-a0f5-4048-8b1c-16ec2d86a9ce.webp?v=1782128100
Stylo,Beige Formal Sandal For Ladies FR5484,"Make a bold statement with this Beige Formal Sandal for ladies. Featuring a chic leopard print and elegant stiletto heel, it is designed to provide high-fashion style for any special occasion. Key Features Color: Beige with Leopard Print Style: High-Heel Formal Sandal Upper: Premium Synthetic with Animal Print Pattern Heel Type: High Stiletto Heel Closure: Adjustable Ankle Strap with Buckle Footbed: Cushioned Synthetic Leather Sole: High-quality Slip-resistant Sole Use: Parties, Weddings, and Evening Events Fit: Standard Regular Fit",shoes,sandal,sandals,buckle,high,women,casual | party | wedding | bridal | eid | formal | office,summer | winter,false,Beige,Beige | Blue,beige,beige | blue,earth,Beige | Beige | Beige | Beige | Beige | Beige,trendy,35 | 36 | 37 | 38 | 39 | 40 | 41 | 42 | 43 | 51% Off | All Discounts | Azeem | Beige | Chasing Blue Skies | Eid Collection | Formal | Heels | High Heels | Made for the Moment | New-26 | NewJan-26 | Sale | Sandals | Stylo | Summer Shoes | Summer stock | variant:navy-formal-sandal-for-ladies-fr5484 | Winter-26 | Women Shoes,1960,PKR,https://stylo.pk/products/beige-formal-sandal-for-ladies-fr5484,https://cdn.shopify.com/s/files/1/0485/1459/7030/files/FR548462_3fc04d9b-2a89-43bb-a673-bc246ae4bdee.png?v=1769154750
Stylo,Navy Formal Sandal For Ladies FR5484,"Make a bold statement with this Navy Formal Sandal for ladies. Featuring a chic leopard print and elegant stiletto heel, it is designed to provide high-fashion style for any special occasion. Key Features Color: Navy with Leopard Print Style: High-Heel Formal Sandal Upper: Premium Synthetic with Animal Print Pattern Heel Type: High Stiletto Heel Closure: Adjustable Ankle Strap with Buckle Footbed: Cushioned Synthetic Leather Sole: High-quality Slip-resistant Sole Use: Parties, Weddings, and Evening Events Fit: Standard Regular Fit",shoes,sandal,sandals,buckle,high,women,casual | party | wedding | bridal | eid | formal | office,summer | winter,false,Blue,Blue | Beige,navy,navy | beige,blue,Navy | Navy | Navy | Navy | Navy | Navy,trendy,35 | 36 | 37 | 38 | 39 | 40 | 41 | 42 | 43 | 51% Off | All Discounts | Azeem | Chasing Blue Skies | Eid Collection | Formal | Heels | High Heels | Made for the Moment | Navy | New-26 | NewJan-26 | Sale | Sandals | Stylo | Summer Shoes | Summer stock | variant:beige-formal-sandal-for-ladies-fr5484 | Winter-26 | Women Shoes,1960,PKR,https://stylo.pk/products/navy-formal-sandal-for-ladies-fr5484,https://cdn.shopify.com/s/files/1/0485/1459/7030/files/FR548448_cbddca8c-2d7f-4c73-bf18-c75569eb067d.png?v=1769154748
Stylo,Fawn Formal Sandal For Women FR5495,"Step out in elegance with this fawn formal sandal for women. Featuring a chic two-tone design and a decorative geometric ornament, it’s the perfect choice for professional office wear and parties. Key Features Color: Fawn and Brown Style: Two-Tone Strappy Flat Sandal Upper: Premium Synthetic with Geometric Ornament Heel Type: Comfortable Flat Heel Closure: Adjustable Buckle Ankle Strap Footbed: Padded for All-Day Comfort Sole: Durable Non-Slip Outsole Use: Office Wear, Formal Meetings, and Daily Use Fit: Standard Fit",shoes,sandal,sandals,buckle,flat,women,casual | party | eid | formal | office,summer | winter,false,Beige,Beige | Blue | Yellow | Brown,fawn,fawn | blue | mustard | brown,earth,Fawn | Fawn | Fawn | Fawn | Fawn | Fawn | Fawn,trendy,35 | 36 | 37 | 38 | 39 | 40 | 41 | 42 | 43 | All Discounts | Azeem | Chasing Blue Skies | Eid Collection | Fawn | Flats | Formal | Made for the Moment | New-26 | NewJan-26 | Sandals | Stylo | Summer Shoes | Summer stock | variant:mustard-formal-sandal-for-women-fr5495 | Winter-26 | Women Shoes,2500,PKR,https://stylo.pk/products/fawn-formal-sandal-for-women-fr5495,https://cdn.shopify.com/s/files/1/0485/1459/7030/files/FR549514_2_32986044-cd5b-4628-9bb8-9dd418d69c81.png?v=1769074515
Stylo,Mustard Formal Sandal For Women FR5495,"Step out in elegance with this mustard formal sandal for women. Featuring a chic two-tone design and a decorative geometric ornament, it’s the perfect choice for professional office wear and parties. Key Features Color: Mustard Style: Two-Tone Strappy Flat Sandal Upper: Premium Synthetic with Geometric Ornament Heel Type: Comfortable Flat Heel Closure: Adjustable Buckle Ankle Strap Footbed: Padded for All-Day Comfort Sole: Durable Non-Slip Outsole Use: Office Wear, Formal Meetings, and Daily Use Fit: Standard Fit",shoes,sandal,sandals,buckle,flat,women,casual | party | eid | formal | office,summer | winter,false,Yellow,Yellow | Blue | Beige,mustard,mustard | blue | fawn,yellow,Mustard | Mustard | Mustard | Mustard | Mustard | Mustard | Mustard,trendy,35 | 36 | 37 | 38 | 39 | 40 | 41 | 42 | 43 | All Discounts | Azeem | Chasing Blue Skies | Eid Collection | Flats | Formal | Made for the Moment | Mustard | New-26 | NewJan-26 | Sandals | Stylo | Summer Shoes | Summer stock | variant:fawn-formal-sandal-for-women-fr5495 | Winter-26 | Women Shoes,2500,PKR,https://stylo.pk/products/mustard-formal-sandal-for-women-fr5495,https://cdn.shopify.com/s/files/1/0485/1459/7030/files/FR549506_2_38548d8f-6e2e-442f-972d-57ba204b2009.png?v=1769074511
Stylo,Pink Formal Sandal For Ladies PU0629,"Enhance your attire with this pink formal sandal for ladies. Featuring textured criss-cross straps and a cushioned platform sole, it ensures stylish comfort for formal and office wear. Key Features Color: Pale Pink Style: Criss-Cross Platform Sandal Upper: Textured Synthetic Leather Heel Type: Ergonomic Low Wedge Closure: Adjustable Buckle Ankle Strap Footbed: Padded Contoured Insole Sole: Durable Anti-Slip Synthetic Use: Office, Formal Occasions, and Daily Wear Fit: Standard Fit",shoes,sandal,sandals,buckle,platform,women,casual | party | eid | formal | office,summer | winter,false,Pink,Pink | Blue | Beige,pink,pink | blue | beige,pink,Pink | Pink | Pink | Pink | Pink | Pink,trendy,31% Off | 35 | 36 | 37 | 38 | 39 | 40 | 41 | 42 | 43 | All Discounts | Azeem | Chasing Blue Skies | Eid Collection | New-26 | NewJan-26 | Pink | PU | Sale | Sandals | Stylo | Summer Shoes | Summer stock | Sunlit Steps | variant:beige-formal-sandal-for-ladies-pu0629 | Winter-26 | Women Shoes,2760,PKR,https://stylo.pk/products/pink-formal-sandal-for-ladies-pu0629,https://cdn.shopify.com/s/files/1/0485/1459/7030/files/PU0629-18-36.png?v=1769671228
Stylo,Pink Formal Sandal For Ladies PU0628,"Step into comfort with this pink formal sandal for ladies. Featuring elegant laser-cut detailing and a supportive wedge heel, it’s the perfect choice for professional wear and casual outings. Key Features Color: Pale Pink Style: Laser-Cut Wedge Sandal Upper: Premium Synthetic with Perforated Pattern Heel Type: Comfortable Platform Wedge Heel Height: 2 Inches Closure: Adjustable Slingback Strap Footbed: Padded for Enhanced Comfort Sole: Durable Non-Slip Synthetic Outsole Use: Office Wear, Formal Events, and Daily Comfort Fit: Regular Fit",shoes,sandal,sandals,buckle,platform,women,casual | party | eid | formal | office,summer | winter,false,Pink,Pink,pink,pink,pink,Pink | Pink | Pink | Pink | Pink | Pink,trendy,31% Off | 35 | 36 | 37 | 38 | 39 | 40 | 41 | 42 | 43 | All Discounts | Azeem | Eid Collection | New-26 | NewJan-26 | Pink | PU | Sale | Sandals | Stylo | Summer Shoes | Summer stock | Sunlit Steps | Winter-26 | Women Shoes,2760,PKR,https://stylo.pk/products/pink-formal-sandal-for-ladies-pu0628,https://cdn.shopify.com/s/files/1/0485/1459/7030/files/PU062818_d6d383a4-c858-43a4-8d5e-6dec3a1d92af.png?v=1768809596
Stylo,Beige Formal Sandal For Ladies FR5515,"This beige formal sandal for women features a chic snakeskin texture and a stylish oversized bow. The comfortable low block heel makes it perfect for weddings, parties, and formal occasions. Key Features Color: Beige Style: Snakeskin Textured Bow Sandal Upper: Premium Synthetic with Reptile Texture Heel Type: Trendy Low Block Heel Closure: Adjustable Buckle Ankle Strap Footbed: Lightly Cushioned for Added Comfort Sole: Durable Non-Slip Outsole Use: Formal Parties, Weddings, and Evening Events Fit: Standard Fit",shoes,sandal,sandals,buckle,mid,women,casual | party | wedding | bridal | eid | formal | office,summer | winter,false,Beige,Beige | Pink,beige,beige | pink,earth,Beige | Beige | Beige | Beige | Beige | Beige,trendy,35 | 36 | 37 | 38 | 39 | 40 | 41 | 42 | 43 | 51% Off | All Discounts | Azeem | Beige | Block Heels Kitten Heels | Eid Collection | Formal | Heels | Low Heels | New-26 | NewJan-26 | Sale | Sandals | Stylo | Summer Shoes | Summer stock | variant:pink-formal-sandal-for-women-fr5515 | Winter-26 | Women Shoes,1960,PKR,https://stylo.pk/products/beige-formal-sandal-for-ladies-fr5515,https://cdn.shopify.com/s/files/1/0485/1459/7030/files/FR551562_4f57fcd1-410c-447b-ba31-e87bcf0f1b12.png?v=1768809511
Stylo,Lilac Formal Sandal For Women PU0612,Elegant lilac formal sandal for women featuring a stylish braided front strap and adjustable ankle strap. Designed with a cushioned platform sole for all-day comfort and modern style. Key Features Color: Lilac &amp; White Style: Strappy Platform Sandal Upper Material: Synthetic PU Leather Heel Type: Platform / Wedge Heel Height: 1.5 Inches Closure: Hook-and-loop (Velcro) Lining: Soft PU Sole: Lightweight EVA Occasion: Semi-Formal / Casual / Work Fit: Standard Fit,shoes,sandal,sandals,buckle,platform,women,casual | party | eid | formal | office,summer | winter,false,Purple,Purple | Blue | White,lilac,lilac | sky blue | white,purple,Lilac | Lilac | Lilac | Lilac | Lilac | Lilac,trendy,31% Off | 35 | 36 | 37 | 38 | 39 | 40 | 41 | 42 | 43 | All Discounts | Azeem | Eid Collection | Lilac | New-25 | NewDec-25 | PU | Sale | Sandals | Stylo | Summer Shoes | Summer stock | variant:sky-blue-formal-sandal-for-ladies-pu0612 | Winter-25 | Women Shoes,1930,PKR,https://stylo.pk/products/lilac-formal-sandal-for-women-pu0612,https://cdn.shopify.com/s/files/1/0485/1459/7030/files/PU0612-43.png?v=1767854431
Stylo,Pink Fancy Sandal For Women FN6294,"These exquisite Pink Fancy Women's Sandals elevate any evening look. The soft, suede-upper features elegant crisscross straps heavily embellished with sparkling rhinestones. Complete with a unique textured block heel and adjustable ankle strap, they offer comfort and artistic flair for formal events. Product Details: Color: Pink Style: Ankle Strap Block Heel Sandal Upper: Faux Suede with Rhinestone Embellishments Heel Type: Medium Textured Block Heel Closure: Adjustable Buckle Strap Footbed: Smooth, Lightly Padded Sole: Non-Slip Synthetic Sheet Use: Party Wear, Wedding, Evening, Formal Fit: Standard",shoes,sandal,sandals,buckle,high,women,casual | party | wedding | bridal | eid | formal | office,all-season,false,Pink,Pink | Blue | Grey,pink,pink | blue | grey,pink,Pink | Pink | Pink | Pink | Pink | Pink,trendy,35 | 36 | 37 | 38 | 39 | 40 | 41 | 42 | 43 | 51% Off | All Discounts | Azeem | Chasing Blue Skies | Eid Collection | Fancy | Fancy Sandals | Heels | High Heels | New-25 | NewDec-25 | Pink | Qurban Jaon | Sale | Sandals | Stylo | variant:grey-fancy-women-sandal-fn6294 | Wedding | Women Shoes,2210,PKR,https://stylo.pk/products/pink-fancy-sandal-for-women-fn6294,https://cdn.shopify.com/s/files/1/0485/1459/7030/files/FN6294-18.png?v=1765787568
Stylo,Grey Fancy Women Sandal FN6294,"These exquisite Grey Fancy Women's Sandals elevate any evening look. The soft, suede-upper features elegant crisscross straps heavily embellished with sparkling rhinestones. Complete with a unique textured block heel and adjustable ankle strap, they offer comfort and artistic flair for formal events. Product Details: Color: Grey Style: Ankle Strap Block Heel Sandal Upper: Faux Suede with Rhinestone Embellishments Heel Type: Medium Textured Block Heel Closure: Adjustable Buckle Strap Footbed: Smooth, Lightly Padded Sole: Non-Slip Synthetic Sheet Use: Party Wear, Wedding, Evening, Formal Fit: Standard",shoes,sandal,sandals,buckle,high,women,casual | party | wedding | bridal | eid | formal | office,all-season,false,Grey,Grey | Blue | Pink,grey,grey | blue | pink,neutral,Grey | Grey | Grey | Grey | Grey | Grey,trendy,35 | 36 | 37 | 38 | 39 | 40 | 41 | 42 | 43 | 51% Off | All Discounts | Azeem | Chasing Blue Skies | Eid Collection | Fancy | Fancy Sandals | Grey | Heels | High Heels | New-25 | NewDec-25 | Qurban Jaon | Sale | Sandals | Stylo | variant:pink-fancy-sandal-for-women-fn6294 | Wedding | Women Shoes,2210,PKR,https://stylo.pk/products/grey-fancy-women-sandal-fn6294,https://cdn.shopify.com/s/files/1/0485/1459/7030/files/FN6294-07.png?v=1765787547
Stylo,Golden Fancy Women Sandal FN6161,Radiant golden fancy women sandal featuring a shimmering knotted front strap and comfortable low block heel. Perfect for weddings and festive parties to elevate your elegant ethnic ensemble. Key Features Color: Gold Style: Knotted Block Heel Sandal Upper Material: Metallic PU with Shimmer Fabric Heel Type: Block Heel Heel Height: 1.5 Inches Closure: Ankle Buckle Strap Lining: Padded PU Sole: Durable TPR Occasion: Wedding / Party / Festive Fit: Standard Fit,shoes,sandal,sandals,buckle,mid,women,casual | party | wedding | bridal | eid,all-season,false,Gold,Gold | Blue | Red,golden,golden | blue | maroon,earth,Golden | Golden | Golden | Golden | Golden | Golden,trendy,35 | 36 | 37 | 38 | 39 | 40 | 41 | 42 | 43 | 51% Off | All Discounts | Azeem | Chasing Blue Skies | Eid Collection | Fancy | Fancy Sandals | Golden | Heels | Mid Heels | New-25 | NewDec-25 | Sale | Sandals | Stylo | variant:maroon-fancy-women-sandal-fn6161 | Wedding | Women Shoes,1720,PKR,https://stylo.pk/products/golden-fancy-women-sandal-fn6161,https://cdn.shopify.com/s/files/1/0485/1459/7030/files/FN6161-15.png?v=1765789434
Stylo,Maroon Fancy Women Sandal FN6161,Radiant maroon fancy women sandal featuring a shimmering knotted front strap and comfortable low block heel. Perfect for weddings and festive parties to elevate your elegant ethnic ensemble. Key Features Color: Maroon Style: Knotted Block Heel Sandal Upper Material: Metallic PU with Shimmer Fabric Heel Type: Block Heel Heel Height: 1.5 Inches Closure: Ankle Buckle Strap Lining: Padded PU Sole: Durable TPR Occasion: Wedding / Party / Festive Fit: Standard Fit,shoes,sandal,sandals,buckle,mid,women,casual | party | wedding | bridal | eid,all-season,false,Red,Red | Blue | Gold,maroon,maroon | blue | golden,red,Maroon | Maroon | Maroon | Maroon | Maroon | Maroon,trendy,35 | 36 | 37 | 38 | 39 | 40 | 41 | 42 | 43 | 51% Off | All Discounts | Azeem | Chasing Blue Skies | Eid Collection | Fancy | Fancy Sandals | Heels | Maroon | Mid Heels | New-25 | NewDec-25 | Sale | Sandals | Stylo | variant:golden-fancy-women-sandal-fn6161 | Wedding | Women Shoes,1720,PKR,https://stylo.pk/products/maroon-fancy-women-sandal-fn6161,https://cdn.shopify.com/s/files/1/0485/1459/7030/files/FN6161-05.png?v=1765789399
Stylo,Brown Formal Sandal For Ladies PU0709,Stylish brown formal sandal for ladies featuring a durable multi-strap design and an adjustable ankle strap. Built with a cushioned platform sole for all-day comfort and modern elegance. Key Features Color: Brown Style: Comfort Platform Sandal Upper Material: Premium PU Leather Heel Type: Platform Closure: Hook-and-loop (Velcro) Lining: Smooth PU Sole: Lightweight EVA Occasion: Formal / Daily Wear / Office Fit: Regular Fit,shoes,sandal,sandals,buckle,platform,women,casual | party | eid | formal | office,summer | winter,false,Brown,Brown | Black,brown,brown | black,earth,Brown | Brown | Brown | Brown | Brown | Brown,trendy,31% Off | 35 | 36 | 37 | 38 | 39 | 40 | 41 | 42 | 43 | All Discounts | Brown | Eid Collection | New-25 | NewDec-25 | premium | PU | Sale | Sandals | Stylo | Summer Shoes | Summer stock | variant:black-formal-sandal-for-ladies-pu0709 | Winter-25 | Women Shoes,4830,PKR,https://stylo.pk/products/brown-formal-sandal-for-ladies-pu0709,https://cdn.shopify.com/s/files/1/0485/1459/7030/files/PU0709-02.png?v=1766046587
Stylo,Black Formal Sandal For Ladies PU0709,Stylish black formal sandal for ladies featuring a durable multi-strap design and an adjustable ankle strap. Built with a cushioned platform sole for all-day comfort and modern elegance. Key Features Color: Black Style: Comfort Platform Sandal Upper Material: Premium PU Leather Heel Type: Platform Heel Height: 1.5 Inches Closure: Hook-and-loop (Velcro) Lining: Smooth PU Sole: Lightweight EVA Occasion: Formal / Daily Wear / Office Fit: Regular Fit,shoes,sandal,sandals,buckle,platform,women,casual | party | eid | formal | office,summer | winter,false,Black,Black | Brown,black,black | brown,neutral,Black | Black | Black | Black | Black | Black,trendy,31% Off | 35 | 36 | 37 | 38 | 39 | 40 | 41 | 42 | 43 | All Discounts | Azeem | Black | Eid Collection | New-25 | NewDec-25 | premium | PU | Sale | Sandals | Stylo | Summer Shoes | Summer stock | variant:brown-formal-sandal-for-ladies-pu0709 | Winter-25 | Women Shoes,4830,PKR,https://stylo.pk/products/black-formal-sandal-for-ladies-pu0709,https://cdn.shopify.com/s/files/1/0485/1459/7030/files/PU0709-01.png?v=1766046509
Stylo,Lilac Formal Sandal For Ladies PU0600,Elegant lilac formal sandal for ladies featuring a stunning rhinestone brooch and a comfortable wedge platform. A perfect handcrafted blend of style and height for weddings and festive events. Key Features Color: Lilac Style: Rhinestone Embellished Wedge Sandal Upper Material: Premium Synthetic PU Heel Type: Wedge / Platform Closure: Elastic Slingback Lining: Soft Padded Suede Sole: Durable TPR Occasion: Formal / Festive / Party Wear Fit: Standard Fit,shoes,sandal,sandals,elastic,platform,women,casual | party | wedding | bridal | eid | formal | office,summer | winter,false,Purple,Purple | Blue | Black,lilac,lilac | blue | black,purple,Lilac | Lilac | Lilac | Lilac | Lilac | Lilac,trendy,31% Off | 35 | 36 | 37 | 38 | 39 | 40 | 41 | 42 | 43 | All Discounts | Azeem | Chasing Blue Skies | Eid Collection | Lilac | New-25 | NewNov-25 | PU | Sale | Sandals | Stylo | Summer Shoes | Summer stock | variant:black-formal-sandal-for-ladies-pu0600 | Winter-25 | Women Shoes | Wedges,2760,PKR,https://stylo.pk/products/lilac-formal-sandal-for-ladies-pu0600,https://cdn.shopify.com/s/files/1/0485/1459/7030/files/PU0600-43.png?v=1765782647
Stylo,Black Formal Sandal For Ladies PU0600,Elegant black formal sandal for ladies featuring a stunning rhinestone brooch and a comfortable wedge platform. A perfect handcrafted blend of style and height for weddings and festive events. Key Features Color: Black Style: Rhinestone Embellished Wedge Sandal Upper Material: Premium Synthetic PU Heel Type: Wedge / Platform Closure: Elastic Slingback Lining: Soft Padded Suede Sole: Durable TPR Occasion: Formal / Festive / Party Wear Fit: Standard Fit,shoes,sandal,sandals,elastic,platform,women,casual | party | wedding | bridal | eid | formal | office,summer | winter,false,Black,Black | Blue | Purple,black,black | blue | lilac,neutral,Black | Black | Black | Black | Black | Black,trendy,31% Off | 35 | 36 | 37 | 38 | 39 | 40 | 41 | 42 | 43 | All Discounts | Azeem | Black | Chasing Blue Skies | Eid Collection | New-25 | NewNov-25 | PU | Sale | Sandals | Stylo | Summer Shoes | Summer stock | variant:lilac-formal-sandal-for-ladies-pu0600 | Winter-25 | Women Shoes | Wedges,2760,PKR,https://stylo.pk/products/black-formal-sandal-for-ladies-pu0600,https://cdn.shopify.com/s/files/1/0485/1459/7030/files/PU0600-01.png?v=1765782570
Stylo,Grey Fancy Sandal For Ladies FN6251,Sophisticated grey fancy sandal for ladies featuring shimmering rhinestone-studded straps and a chic kitten heel. A perfect choice for weddings and formal parties to achieve a glamorous look. Key Features Color: Gunmetal Grey Style: Rhinestone Strappy Sandal Upper Material: Metallic PU with Rhinestones Heel Type: Kitten Heel Heel Height: 2.5 Inches Closure: Ankle Buckle Strap Lining: Soft PU Sole: Durable TPR Occasion: Wedding / Formal / Evening Wear Fit: Standard Fit,shoes,sandal,sandals,buckle,mid,women,casual | party | wedding | bridal | eid | formal | office,all-season,false,Grey,Grey | Gold | Pink,grey,grey | golden | pink,neutral,Grey | Grey | Grey | Grey | Grey | Grey,trendy,31% Off | 35 | 36 | 37 | 38 | 39 | 40 | 41 | 42 | 43 | All Discounts | Azeem | Eid Collection | Fancy | Fancy Sandals | Grey | Heels | Mid Heels | New-25 | NewNov-25 | Sale | Sandals | Stylo | variant:golden-fancy-sandal-for-women-fn6251 | variant:pink-fancy-sandal-for-ladies-fn6251 | Wedding | Women Shoes,2620,PKR,https://stylo.pk/products/grey-fancy-sandal-for-ladies-fn6251,https://cdn.shopify.com/s/files/1/0485/1459/7030/files/FN6251-07.png?v=1765790421
Stylo,Silver Fancy Sandal For Ladies FN6183,Stunning silver fancy sandal for ladies featuring a rhinestone-embellished heel and crystal buckle. Perfect for weddings and formal parties to add a touch of glamour to your elegant outfit. Key Features Color: Metallic Silver Style: Fancy Embellished Sandal Upper Material: Metallic PU Synthetic Heel Type: Fancy Rhinestone Kitten Heel Heel Height: 2.5 Inches Closure: Ankle Buckle Strap Lining: Soft PU Sole: Durable TPR Occasion: Wedding / Formal / Festive Fit: Standard Fit,shoes,sandal,sandals,buckle,mid,women,casual | party | wedding | bridal | eid | formal | office,all-season,false,Grey,Grey | Blue | Gold,silver,silver | blue | golden,neutral,Silver | Silver | Silver | Silver | Silver | Silver,trendy,31% Off | 35 | 36 | 37 | 38 | 39 | 40 | 41 | 42 | 43 | All Discounts | Azeem | Chasing Blue Skies | Eid Collection | Fancy | Fancy Sandals | Heels | Low Heels | New-25 | NewNov-25 | Sale | Sandals | Silver | Stylo | variant:golden-fancy-sandal-for-ladies-fn6183 | Wedding | Women Shoes,3310,PKR,https://stylo.pk/products/silver-fancy-sandal-for-ladies-fn6183,https://cdn.shopify.com/s/files/1/0485/1459/7030/files/FN6183-16.png?v=1765789455
Stylo,Pink Fancy Sandal For Ladies FN6251,Sophisticated pink fancy sandal for ladies featuring shimmering rhinestone-studded straps and a chic kitten heel. A perfect choice for weddings and formal parties to achieve a glamorous look. Key Features Color: Pink Style: Rhinestone Strappy Sandal Upper Material: Metallic PU with Rhinestones Heel Type: Kitten Heel Heel Height: 2.5 Inches Closure: Ankle Buckle Strap Lining: Soft PU Sole: Durable TPR Occasion: Wedding / Formal / Evening Wear Fit: Standard Fit,shoes,sandal,sandals,buckle,mid,women,casual | party | wedding | bridal | eid | formal | office,all-season,false,Pink,Pink,pink,pink,pink,Pink | Pink | Pink | Pink | Pink | Pink,trendy,31% Off | 35 | 36 | 37 | 38 | 39 | 40 | 41 | 42 | 43 | All Discounts | Azeem | Eid Collection | Fancy | Fancy Sandals | Heels | Low Heels | New-25 | NewNov-25 | Pink | Sale | Sandals | Stylo | Wedding | Women Shoes,2620,PKR,https://stylo.pk/products/pink-fancy-sandal-for-ladies-fn6251,https://cdn.shopify.com/s/files/1/0485/1459/7030/files/FN6251-18.png?v=1765794038
Stylo,Fawn Back Open For Ladies WN5497,"Elevate your look with this fawn back open for women. Featuring a textured upper, crystal hardware, and a stable block heel, it’s the perfect blend of elegance and comfort for office or formal wear. Key Features Color: Fawn Style: Pointed-Toe Slingback Block Heel Upper: Premium Textured Synthetic with Crystal Hardware Heel Type: Stable Mid Block Heel Heel Height: 2 inches Closure: Adjustable Buckle Ankle Strap Footbed: Cushioned Insole for Extra Support Sole: Durable Non-Slip Synthetic Outsole Use: Office Wear, Formal Meetings, and Festive Occasions Fit: Regular Fit",shoes,heel,mules,buckle,mid,women,casual | party | eid | formal | office,winter,false,Beige,Beige,fawn,fawn,earth,Fawn | Fawn | Fawn | Fawn | Fawn | Fawn,trendy,31% Off | 35 | 36 | 37 | 38 | 39 | 40 | 41 | 42 | 43 | Back Open | Eid Collection | Fawn | Heels | Mid Heels | New-25 | NewDec-25 | Sale | Stylo | Winter | winter stock | Winter-25 | Women Shoes,2760,PKR,https://stylo.pk/products/fawn-back-open-for-ladies-wn5497,https://cdn.shopify.com/s/files/1/0485/1459/7030/files/WN5497-14_2.png?v=1767770577
Stylo,Maroon Back Open For Ladies WN5452,"This stunning maroon back open heel for ladies features a glossy patent finish and shimmering rhinestone accents. Designed with a sleek pointed toe and stiletto heel for a glamorous, high-end look. Key Features Color: Maroon Style: Embellished Slingback Upper Material: Patent PU Heel Type: Stiletto Heel Closure: Buckle Strap Lining: PU Sole: Rubber Occasion: Party / Wedding Fit: Standard Fit",shoes,heel,mules,buckle,high,women,casual | party | wedding | bridal | eid,winter,false,Red,Red | Beige,maroon,maroon | fawn,red,Maroon | Maroon | Maroon | Maroon | Maroon | Maroon,trendy,35 | 36 | 37 | 38 | 39 | 40 | 41 | 42 | 43 | 51% Off | Azeem | Back Open | Eid Collection | Heels | High Heels | Imported | Maroon | New-25 | NewDec-25 | premium | Sale | Stylo | variant:fawn-back-open-for-women-wn5452 | Winter | winter stock | Winter-25 | Women Shoes,4900,PKR,https://stylo.pk/products/maroon-back-open-for-ladies-wn5452,https://cdn.shopify.com/s/files/1/0485/1459/7030/files/WN5452-05_2.png?v=1765952693
Stylo,Pink Back Open For Ladies WN5444,Elegant pink back open heel for ladies featuring a luxurious satin finish and radiant rhinestone embellishments. Designed with a sleek pointed toe and low kitten heel for a sophisticated evening look. Key Features Color: Pink Style: Embellished Back Open Upper Material: Satin Fabric Heel Type: Kitten Heel Closure: Slip-on Lining: PU Sole: TPR Occasion: Party / Wedding Fit: Standard Fit,shoes,block-heel,mules,slip-on,mid,women,casual | party | wedding | bridal | eid,winter,false,Pink,Pink | Blue,pink,pink | navy,pink,Pink | Pink | Pink | Pink | Pink | Pink,trendy,35 | 36 | 37 | 38 | 39 | 40 | 41 | 42 | 43 | 51% Off | Back Open | Block Heels Kitten Heels | Eid Collection | Heels | Imported | Low Heels | New-25 | NewDec-25 | Pink | premium | Sale | Stylo | variant:navy-back-open-for-ladies-wn5444 | Winter | winter stock | Winter-25 | Women Shoes,4410,PKR,https://stylo.pk/products/pink-back-open-for-ladies-wn5444,https://cdn.shopify.com/s/files/1/0485/1459/7030/files/WN5444-18_2.png?v=1765954106
Stylo,Fawn Back Open For Women WN5452,"Dazzle at your next event with these exquisite Fawn Back Open Heels for Women. Crafted with a glossy patent finish, a sleek pointed toe, and adorned with a stunning cluster of sparkling rhinestones across the vamp, these slingback pumps offer undeniable glamour and a comfortable medium heel for weddings, parties, and special occasions. Product Details: Color: Fawn Style: Slingback, Pointed Toe, Embellished, Back Open, Dress Pump Upper: Patent Faux Leather Heel Type: Stiletto Heel Heel Height: 3 inches Closure: Buckle Footbed: Cushioned Sole: Durable Synthetic Use: Formal, Evening, Party, Wedding, Special Occasions Fit: True to Size Embellishment: Rhinestone cluster on vamp",shoes,heel,mules,buckle,high,women,casual | party | wedding | bridal | eid | formal | office,winter,false,Beige,Beige | Red,fawn,fawn | maroon,earth,Fawn | Fawn | Fawn | Fawn | Fawn | Fawn,trendy,35 | 36 | 37 | 38 | 39 | 40 | 41 | 42 | 43 | 51% Off | Azeem | Back Open | Eid Collection | Fawn | Heels | High Heels | Imported | New-25 | NewDec-25 | premium | Sale | Stylo | variant:maroon-back-open-for-ladies-wn5452 | Winter | winter stock | Winter-25 | Women Shoes,4900,PKR,https://stylo.pk/products/fawn-back-open-for-women-wn5452,https://cdn.shopify.com/s/files/1/0485/1459/7030/files/WN5452-14_2.png?v=1770978995
Stylo,Grey Back Open For Women WN5442,"Radiate glamour with these stunning Grey Back Open Heels for Women. Featuring a sleek pointed toe, comfortable kitten heel, and stylish criss-cross strap detailing on the vamp leading to an adjustable slingback, these metallic pumps are perfect for adding a luxurious touch to evening wear, parties, or special occasions. Product Details: Color: Grey Style: Slingback, Pointed Toe, Kitten Heel, Back Open Upper: Metallic Faux Leather Heel Type: Kitten Heel Heel Height: 1.5 inches Closure: Buckle (Adjustable Slingback) Footbed: Cushioned Sole: Durable Synthetic Use: Formal, Evening, Party, Wedding, Special Occasions Fit: True to Size",shoes,block-heel,mules,buckle,mid,women,casual | party | wedding | bridal | eid | formal | office,winter,false,Grey,Grey,grey,grey,neutral,Grey | Grey | Grey | Grey | Grey | Grey,trendy,35 | 36 | 37 | 38 | 39 | 40 | 41 | 42 | 43 | 51% Off | All Discounts | Azeem | Back Open | Block Heels Kitten Heels | Eid Collection | Grey | Heels | Imported | Low Heels | New-25 | NewDec-25 | premium | Sale | Stylo | Winter | winter stock | Winter-25 | Women Shoes,3920,PKR,https://stylo.pk/products/grey-back-open-for-women-wn5442,https://cdn.shopify.com/s/files/1/0485/1459/7030/files/WN5442-07_3.png?v=1770024954
Stylo,Black Back Open For Women WN5438,Trendy black back open loafer for ladies featuring a classic horsebit buckle and a chunky lug sole. Combines sophisticated style with a durable platform for a comfortable daily wear experience. Key Features Color: Black Style: Loafer Mule Upper Material: Synthetic Leather Heel Type: Chunky Heel Closure: Slip-on Lining: PU Sole: TPR Occasion: Casual / Daily Wear Fit: Standard Fit,shoes,heel,mules,buckle,platform,women,casual | party | eid,winter,false,Black,Black | Brown,black,black | brown,neutral,Black | Black | Black | Black | Black | Black,trendy,35 | 36 | 37 | 38 | 39 | 40 | 41 | 42 | 43 | 51% Off | Azeem | Back Open | Black | Eid Collection | Heels | Imported | Low Heels | New-25 | NewNov-25 | premium | Sale | Stylo | variant:brown-back-open-for-ladies-wn5438 | Winter | winter stock | Winter-25 | Women Shoes,4170,PKR,https://stylo.pk/products/black-back-open-for-women-wn5438,https://cdn.shopify.com/s/files/1/0485/1459/7030/files/WN5438-01_2.png?v=1765966888
Stylo,Beige Back Open For Women LWN425,Sophisticated beige back open loafer for women featuring a soft faux suede finish and a classic mule silhouette. Designed for effortless style and all-day comfort in office or casual settings. Key Features Color: Beige Style: Loafer Mule Upper Material: Faux Suede Heel Type: Flat Heel Height: Flat Closure: Slip-on Lining: PU Sole: Rubber Occasion: Casual / Office Fit: Standard Fit,shoes,mule,mules,slip-on,flat,women,casual | party | formal | office,winter,false,Beige,Beige | Blue,beige,beige | blue,earth,Beige | Beige | Beige,trendy,31% Off | 35 | 36 | 37 | 38 | 39 | 40 | 41 | 42 | 43 | All Discounts | Azeem | Back Open | Beige | New-25 | NewNov-25 | Sale | Stylo | variant:blue-back-open-for-women-lwn425 | Winter | winter stock | Winter-25 | Women Shoes,1500,PKR,https://stylo.pk/products/beige-back-open-for-women-lwn425,https://cdn.shopify.com/s/files/1/0485/1459/7030/files/LWN425-62.png?v=1767854431
Stylo,Maroon Back Open For Ladies WN5451,"Step out in style with these elegant maroon back open heels, featuring a dazzling gold-toned chain with rhinestone embellishments on the ankle strap for a touch of glamour. Product Details: Color: Maroon Style: Slingback Heels, Pointed Toe, Embellished Upper: Faux Leather Heel Type: Kitten Heel 2.5 inches Closure: Slingback strap with elastic insert (implied for comfort and fit) Footbed: Cushioned Sole: Non-slip Synthetic Sole Use: Party wear, formal occasions, evening wear, casual chic Fit: Regular",shoes,heel,mules,buckle,mid,women,casual | party | eid | formal | office,winter,false,Red,Red | Gold,maroon,maroon | gold,red,Maroon | Maroon | Maroon | Maroon | Maroon | Maroon,trendy,35 | 36 | 37 | 38 | 39 | 40 | 41 | 42 | 43 | 51% Off | All Discounts | Azeem | Back Open | Eid Collection | Heels | Imported | Maroon | Mid Heels | New-25 | NewNov-25 | premium | Sale | Stylo | Winter | winter stock | Winter-25 | Women Shoes,4410,PKR,https://stylo.pk/products/maroon-back-open-for-ladies-wn5451,https://cdn.shopify.com/s/files/1/0485/1459/7030/files/WN5451-05_2.png?v=1765966321
Stylo,Silver Back Open For Women WN5447,"Chic silver and black back open heel for women. Features a two-tone pointed toe, metallic strap design, and stable block heel. Ideal for adding a touch of glamour to parties and evening events. Key Features Color: Silver &amp; Black Style: Pointed Slingback Upper Material: Metallic PU &amp; Satin Heel Type: Block Heel Closure: Buckle Strap Lining: PU Sole: TPR Occasion: Party / Evening Fit: Standard Fit",shoes,heel,mules,buckle,mid,women,casual | party | eid,winter,false,Grey,Grey | Gold | Black,silver,silver | golden | black,neutral,Silver | Silver | Silver | Silver | Silver | Silver,trendy,35 | 36 | 37 | 38 | 39 | 40 | 41 | 42 | 43 | 51% Off | Azeem | Back Open | Eid Collection | Heels | Imported | Mid Heels | New-25 | NewNov-25 | premium | Sale | Silver | Stylo | variant:golden-back-open-for-women-wn5447 | Winter | winter stock | Winter-25 | Women Shoes,3920,PKR,https://stylo.pk/products/silver-back-open-for-women-wn5447,https://cdn.shopify.com/s/files/1/0485/1459/7030/files/WN5447-16.png?v=1770979561
Stylo,Golden Back Open For Women WN5447,"Chic golden and black back open heel for women. Features a two-tone pointed toe, metallic strap design, and stable block heel. Ideal for adding a touch of glamour to parties and evening events. Key Features Color: Golden &amp; Black Style: Pointed Slingback Upper Material: Metallic PU &amp; Satin Heel Type: Block Heel Closure: Buckle Strap Lining: PU Sole: TPR Occasion: Party / Evening Fit: Standard Fit",shoes,heel,mules,buckle,mid,women,casual | party | eid,winter,false,Gold,Gold | Grey | Black,golden,golden | silver | black,earth,Golden | Golden | Golden | Golden | Golden | Golden,trendy,35 | 36 | 37 | 38 | 39 | 40 | 41 | 42 | 43 | 51% Off | Azeem | Back Open | Eid Collection | Golden | Heels | Imported | Mid Heels | New-25 | NewNov-25 | premium | Sale | Stylo | variant:silver-back-open-for-women-wn5447 | Winter | winter stock | Winter-25 | Women Shoes,3920,PKR,https://stylo.pk/products/golden-back-open-for-women-wn5447,https://cdn.shopify.com/s/files/1/0485/1459/7030/files/WN5447-15.png?v=1767854442
Stylo,Blue Back Open For Women LWN425,Sophisticated blue back open loafer for women featuring a soft faux suede finish and a classic mule silhouette. Designed for effortless style and all-day comfort in office or casual settings. Key Features Color: Blue Style: Loafer Mule Upper Material: Faux Suede Heel Type: Flat Heel Height: Flat Closure: Slip-on Lining: PU Sole: Rubber Occasion: Casual / Office Fit: Standard Fit,shoes,mule,mules,slip-on,flat,women,casual | party | formal | office,winter,false,Blue,Blue,blue,blue,blue,Blue | Blue | Blue,trendy,31% Off | 35 | 36 | 37 | 38 | 39 | 40 | 41 | 42 | 43 | All Discounts | Azeem | Back Open | Blue | New-25 | NewNov-25 | Sale | Stylo | Winter | winter stock | Winter-25 | Women Shoes,1500,PKR,https://stylo.pk/products/blue-back-open-for-women-lwn425,https://cdn.shopify.com/s/files/1/0485/1459/7030/files/LWN425-12.png?v=1765606788
Stylo,Beige Back Open For Women WN5451,"Step out in style with these elegant beige back open heels, featuring a dazzling gold-toned chain with rhinestone embellishments on the ankle strap for a touch of glamour. Product Details: Color: Beige Style: Slingback Heels, Pointed Toe, Embellished Upper: Faux Leather Heel Type: Kitten Heel 2.5 inches Closure: Slingback strap with elastic insert (implied for comfort and fit) Footbed: Cushioned Sole: Non-slip Synthetic Sole Use: Party wear, formal occasions, evening wear, casual chic Fit: Regular",shoes,heel,mules,buckle,mid,women,casual | party | eid | formal | office,winter,false,Beige,Beige | Gold,beige,beige | gold,earth,Beige | Beige | Beige | Beige | Beige | Beige,trendy,35 | 36 | 37 | 38 | 39 | 40 | 41 | 42 | 43 | 51% Off | All Discounts | Azeem | Back Open | Beige | Eid Collection | Heels | Imported | New-25 | NewNov-25 | premium | Sale | Stylo | Winter | winter stock | Winter-25 | Women Shoes | Mid Heels,4410,PKR,https://stylo.pk/products/beige-back-open-for-women-wn5451,https://cdn.shopify.com/s/files/1/0485/1459/7030/files/WN5451-62.png?v=1767854439
Stylo,White Back Open For Women WN5450,This sleek white back open heel for women features a bold snakeskin-textured upper and a metallic silver stiletto. Designed with a pointed toe and slingback strap for a sophisticated evening look. Key Features Color: White Style: Pointed Slingback Upper Material: Textured PU Heel Type: Stiletto Heel Closure: Elastic Strap Lining: PU Sole: TPR Occasion: Party / Formal Fit: Standard Fit,shoes,heel,mules,buckle,high,women,casual | party | eid | formal | office,winter,false,White,White | Black | Grey,white,white | black | silver,neutral,White | White | White | White | White | White,trendy,35 | 36 | 37 | 38 | 39 | 40 | 41 | 42 | 43 | 51% Off | Back Open | Eid Collection | Heels | Imported | New-25 | NewNov-25 | premium | Sale | Stylo | The Working Girl Drop | variant:black-back-open-for-women-wn5450 | White | Winter | winter stock | Winter-25 | Women Shoes | Mid Heels,3920,PKR,https://stylo.pk/products/white-back-open-for-women-wn5450,https://cdn.shopify.com/s/files/1/0485/1459/7030/files/WN5450-09_2.png?v=1765967805
Stylo,Black Back Open For Women WN5450,This sleek black back open heel for women features a bold snakeskin-textured upper and a metallic silver stiletto. Designed with a pointed toe and slingback strap for a sophisticated evening look. Key Features Color: Black Style: Pointed Slingback Upper Material: Textured PU Heel Type: Stiletto Heel Heel Height: High Heel Closure: Elastic Strap Lining: PU Sole: TPR Occasion: Party / Formal Fit: Standard Fit,shoes,mule,mules,buckle,high,women,casual | party | eid | formal | office,winter,false,Black,Black | White | Grey,black,black | white | silver,neutral,Black | Black | Black | Black | Black | Black,trendy,35 | 36 | 37 | 38 | 39 | 40 | 41 | 42 | 43 | 51% Off | Azeem | Back Open | Black | Eid Collection | Imported | New-25 | NewNov-25 | premium | Sale | Stylo | The Working Girl Drop | variant:white-back-open-for-women-wn5450 | Winter | winter stock | Winter-25 | Women Shoes,3920,PKR,https://stylo.pk/products/black-back-open-for-women-wn5450,https://cdn.shopify.com/s/files/1/0485/1459/7030/files/WN5450-01.png?v=1767854439
Stylo,Black Fancy Khussa For Women EC8618,"Our Black Sequin Embroidered Khussa is made for women who love bold festive detail. The black fabric upper features vertical gold sequin stripes with decorative coin motifs at the toe, finished with a delicate peach trim along the edge. A slip-on silhouette and flat sole make it effortless to wear through long formal occasions. Key Features Color: Black with gold sequin embroidery Style: Closed-Toe Embroidered Khussa Upper Material: Fabric with gold sequin stripes and coin motifs Heel Type: Flat Closure: Slip-on Lining: Smooth inner lining with peach trim Sole: Flat lightweight sole Occasion: Mehndi / Valima / Dawat / Festive Fit: Regular Fit Styling Tips Eastern: Pair with a black and gold tissue suit or sharara for a coordinated dawat look. Style with jhumkas or polki jewellery to enhance the gold coin detail on the upper. Western: Wear with tailored black trousers and a gold or ivory blouse for a sharp ethnic-fusion look. Also works with a black satin midi dress for a bold evening o",shoes,khussa,ethnic,slip-on,flat,women,eid | wedding | bridal | mehndi | formal | office | party,summer | winter,false,Black,Black | Red | Gold | Pink | White,black,black | maroon | gold | peach | ivory,neutral,Black | Black | Black | Black | Black | Black | Black,traditional,31% Off | 35 | 36 | 37 | 38 | 39 | 40 | 41 | 42 | 43 | Black | Ethnic | Fancy | Khussa | New-26 | NewJun-26 | Sale | Summer Shoes | variant:maroon-ethnic-khusa-ec8618 | Wedding | Winter-26 | Women Shoes | Stylo,2210,PKR,https://stylo.pk/products/black-fancy-khussa-for-women-ec8618,https://cdn.shopify.com/s/files/1/0485/1459/7030/files/EC861801_1_0fb846b5-ee9a-401c-9688-aa7ed69e17a2.jpg?v=1780569256
Stylo,Pink Fancy Khussa For Women EC8609,"Our Pink Beaded Embroidered Khussa is a luxe festive flat built for special occasions. The soft pink velvet upper is covered in dense gold bead, sequin and floral embroidery from toe to mid-foot, creating a rich bridal-inspired finish. A smooth inner lining and flat sole keep it comfortable through long formal events. Key Features Color: Pink with gold bead and sequin embroidery Style: Closed-Toe Embroidered Khussa Upper Material: Velvet with dense gold bead and sequin floral embroidery Heel Type: Flat Closure: Slip-on Lining: Smooth inner lining Sole: Flat lightweight sole Occasion: Mehndi / Valima / Dawat / Bridal Fit: Regular Fit Styling Tips Eastern: Pairs beautifully with a blush or dusty pink bridal lehenga or gharara for valima and mehndi functions. Complete the look with polki or kundan jewellery to match the gold embroidery detail. Western: Wear with wide-leg blush trousers and a cream or gold blouse for a soft festive look. Also works with a pink or rose gold satin midi dress",shoes,khussa,ethnic,slip-on,flat,women,eid | wedding | bridal | mehndi | formal | office,summer | winter,false,Pink,Pink | Gold | White,pink,pink | gold | cream,pink,Pink | Pink | Pink | Pink | Pink | Pink | Pink,traditional,35 | 36 | 37 | 38 | 39 | 40 | 41 | 42 | 43 | Ethnic | Fancy | Khussa | New-26 | NewJun-26 | Pink | Summer Shoes | variant:ferozy-fancy-khusa-for-ladies-ec8609 | Wedding | Winter-26 | Women Shoes | Stylo,3000,PKR,https://stylo.pk/products/pink-fancy-khussa-for-women-ec8609,https://cdn.shopify.com/s/files/1/0485/1459/7030/files/EC860918_1_d08f6066-cdcf-447b-b11f-49c8941b34e5.jpg?v=1780569255
Stylo,Maroon Ethnic Chappal For Ladies EC0247,"Our Maroon Floral Embroidered Chappal brings rich festive detail to a comfortable ethnic silhouette. The deep maroon velvet upper features bold floral bead and thread embroidery across the toe strap, finished with a slim back strap and a low block heel. A plush velvet footbed makes it easy to wear through long formal occasions. Key Features Color: Maroon with floral bead and thread embroidery Style: Embroidered Ethnic Chappal with Block Heel Upper Material: Velvet with floral bead and thread embroidery Heel Type: Block heel Closure: Slip-on with toe strap and back strap Lining: Soft velvet footbed Sole: Flat lightweight sole Occasion: Mehndi / Valima / Dawat / Festive Fit: Regular Fit Styling Tips Eastern: Pair with a deep maroon or wine tissue gharara for valima. Style with polki or ruby jewellery to complement the rich velvet and floral embroidery detail. Western: Wear with wide-leg plum trousers and a cream or gold blouse for a bold festive look. Also works with a burgundy wrap dres",shoes,flip-flop,ethnic,buckle,flat,women,eid | wedding | mehndi | formal | office,summer | winter,false,Red,Red | Purple | White | Gold,maroon,maroon | plum | cream | gold,red,Maroon | Maroon | Maroon | Maroon | Maroon | Maroon | Maroon,traditional,35 | 36 | 37 | 38 | 39 | 40 | 41 | 42 | 43 | Chappals | Ethnic | Flats | Maroon | New-26 | NewJun-26 | Summer Shoes | Winter-26 | Women Shoes | Stylo,3000,PKR,https://stylo.pk/products/maroon-ethnic-chappal-for-ladies-ec0247,https://cdn.shopify.com/s/files/1/0485/1459/7030/files/EC024705.jpg?v=1780569258
Stylo,Black Ethnic Khussa EC8615,"A refined black formal khussa featuring a white paisley printed fabric upper with intricate black beaded trim detailing and a smooth black lining, offering a traditional yet elegant slip on style for women at festive and cultural occasions.",shoes,khussa,ethnic,slip-on,unknown,women,eid | wedding | formal | office,summer | winter,false,Black,Black | Pink | White,black,black | pink | white,neutral,Black | Black | Black | Black | Black | Black | Black,traditional,35 | 36 | 37 | 38 | 39 | 40 | 41 | 42 | 43 | Black | Ethnic | Ethnic khussa | Khussa | New-26 | NewMay-26 | Summer Shoes | variant:pink-ethnic-khussa-for-ladies-ec8615 | Winter-26 | Women Shoes | Stylo,2500,PKR,https://stylo.pk/products/black-ethnic-khussa-ec8615,https://cdn.shopify.com/s/files/1/0485/1459/7030/files/EC861501_2_aaa91743-c9ac-40a6-858e-eda3a16863d6.jpg?v=1779272415
Stylo,Pink Fancy Women Slipper EC0246,This elegant pink fancy women slipper features intricate gold beadwork and a padded footbed. Perfect for festive celebrations and wedding events while providing lightweight all day comfort.,shoes,slipper,ethnic,slip-on,flat,women,eid | wedding | bridal | formal | office,summer | winter,false,Pink,Pink | White | Gold,pink,pink | white | gold,pink,Pink | Pink | Pink | Pink | Pink | Pink | Pink,traditional,36 | 37 | 38 | 39 | 40 | 41 | 42 | Ethnic | Ethnic Chappals | Fancy | Flats | New-26 | NewApr-26 | Pink | Slippers | Summer Shoes | variant:white-fancy-slipper-for-ladies-ec0246 | Wedding | Winter-26 | Women Shoes | Stylo,3000,PKR,https://stylo.pk/products/pink-fancy-women-slipper-ec0246,https://cdn.shopify.com/s/files/1/0485/1459/7030/files/EC024618_2_85f34c7f-d2ff-421d-b2d3-5bd413cdf610.jpg?v=1777272921
Stylo,Blue Fancy Back Open Khussa EC8631,This royal blue back open khussa features exquisite mirror work and a padded lining. It offers traditional elegance and comfort for weddings and festive social gatherings with a sleek flat design.,shoes,khussa,ethnic,slip-on,flat,women,eid | wedding | bridal | formal | office,summer | winter,false,Blue,Blue | Pink,blue,blue | pink,blue,Blue | Blue | Blue | Blue | Blue | Blue | Blue,traditional,31% Off | 36 | 37 | 38 | 39 | 40 | 41 | 42 | Ethnic | Ethnic Khusa | Fancy | Khusa | New-26 | NewApr-26 | sale | Summer Shoes | variant:pink-fancy-back-open-khussa-ec8631 | Wedding | Winter-26 | Women Shoes | Stylo,1500,PKR,https://stylo.pk/products/blue-fancy-back-open-khussa-ec8631,https://cdn.shopify.com/s/files/1/0485/1459/7030/files/EC863112_1_95639b5a-2e81-4613-a299-0ccfd41ddf17.jpg?v=1777272921
Stylo,Mehndi Fancy Khussa For Ladies EC8617,Stylish fancy Khusa ideal for ladies to pair with ethnic outfits for weddings or special events.,shoes,khussa,ethnic,slip-on,unknown,women,eid | wedding | bridal | mehndi,summer | winter,false,Yellow,Yellow,mustard,mustard,yellow,Mehndi | Mehndi | Mehndi | Mehndi | Mehndi | Mehndi | Mehndi,traditional,31% Off | 35 | 36 | 37 | 38 | 39 | 40 | 41 | 42 | 43 | Eid Collection | Ethnic | Khussa | Mehndi | New-26 | NewApr-26 | Qurban Jaon | Sale | Stylo | Summer Shoes | variant:mustard-fancy-khussa-for-ladies-ec8617 | Wedding | Winter-26 | Women Shoes,2070,PKR,https://stylo.pk/products/mehndi-fancy-khussa-for-ladies-ec8617,https://cdn.shopify.com/s/files/1/0485/1459/7030/files/EC861726_2.png?v=1775623722
Stylo,Black Ethnic Chappal For Women EC0254,Elegant black ethnic chappal featuring intricate crystal and pearl embroidery on a soft toe-ring strap. A perfect flat footwear choice for weddings and festive traditional occasions. Key Features Color: Black Style: Ethnic Chappal Upper Material: Embellished Suede Heel Type: Flat Closure: Slip-on Lining: Satin PU Sole: Sheet Sole Best For: Ideal for traditional festive celebrations and all-day wedding guest comfort,shoes,flip-flop,ethnic,buckle,flat,women,eid | wedding | bridal,summer | winter,false,Black,Black | Gold | White,black,black | golden | pearl,neutral,Black | Black | Black | Black | Black | Black | Black,traditional,35 | 36 | 37 | 38 | 39 | 40 | 41 | 42 | 43 | Azeem | Black | Ethnic | Flats | Kohlapuri | New-26 | NewMar-26 | Stylo | Summer Shoes | Summer stock | variant:golden-ethnic-chappal-for-women-ec0254 | Winter-26 | Women Shoes,2800,PKR,https://stylo.pk/products/black-ethnic-chappal-for-women-ec0254,https://cdn.shopify.com/s/files/1/0485/1459/7030/files/EC025401_2.png?v=1774942591
Stylo,Golden Fancy Women Slipper EC0243,Elegant golden fancy slipper featuring a luxurious velvet upper adorned with rich stone and bead embellishments. Its chic square toe and flat design make it perfect for traditional festivities. Key Features Color: Golden Style: Fancy Ethnic Slipper Upper Material: Embellished Velvet Heel Type: Flat Closure: Slip-on Lining: Satin PU Sole: Sheet Sole Best For: Traditional festivities and Eid parties Styling Tips Pair with embroidered velvet suits or fancy silk pishwas.,shoes,slipper,ethnic,slip-on,flat,women,eid | wedding | bridal,summer | winter,false,Gold,Gold | Red,golden,golden | maroon,earth,Golden | Golden | Golden | Golden | Golden | Golden | Golden,traditional,31% Off | 36 | 37 | 38 | 39 | 40 | 41 | 42 | 43 | Azeem | Chappals | Ethnic | Flats | Golden | New-26 | NewMar-26 | Sale | Summer Shoes | Summer stock | variant:maroon-fancy-slipper-for-women-ec0243 | Wedding | Winter-26 | Women Shoes | Stylo,2070,PKR,https://stylo.pk/products/golden-fancy-women-slipper-ec0243,https://cdn.shopify.com/s/files/1/0485/1459/7030/files/EC024315_2.png?v=1774334372
Stylo,Maroon Fancy Slipper For Women EC0243,Elegant maroon fancy slipper featuring a luxurious velvet upper adorned with rich stone and bead embellishments. Its chic square toe and flat design make it perfect for traditional festivities. Key Features Color: Maroon Style: Fancy Ethnic Slipper Upper Material: Embellished Velvet Heel Type: Flat Closure: Slip-on Lining: Satin PU Sole: Sheet Sole Best For: Traditional festivities and Eid parties Styling Tips Pair with embroidered velvet suits or fancy silk pishwas.,shoes,slipper,ethnic,slip-on,flat,women,eid | wedding | bridal,summer | winter,false,Red,Red | Gold,maroon,maroon | golden,red,Maroon | Maroon | Maroon | Maroon | Maroon | Maroon | Maroon,traditional,31% Off | 36 | 37 | 38 | 39 | 40 | 41 | 42 | Azeem | Chappals | Ethnic | Flats | Maroon | New-26 | NewMar-26 | Sale | Stylo | Summer Shoes | Summer stock | variant:golden-fancy-women-slipper-ec0243 | Wedding | Winter-26 | Women Shoes,2070,PKR,https://stylo.pk/products/maroon-fancy-slipper-for-women-ec0243,https://cdn.shopify.com/s/files/1/0485/1459/7030/files/EC024305_2.png?v=1773727067
Stylo,Golden Ethnic Chappal For Women EC0254,Elegant golden ethnic chappal featuring intricate crystal and pearl embroidery on a soft toe-ring strap. A perfect flat footwear choice for weddings and festive traditional occasions. Key Features Color: Golden Style: Ethnic Chappal Upper Material: Embellished Suede Heel Type: Flat Closure: Slip-on Lining: Satin PU Sole: Sheet Sole Best For: Ideal for traditional festive celebrations and all-day wedding guest comfort,shoes,flip-flop,ethnic,buckle,flat,women,eid | wedding | bridal,summer | winter,false,Gold,Gold | White,golden,golden | pearl,earth,Golden | Golden | Golden | Golden | Golden | Golden | Golden,traditional,36 | 37 | 38 | 39 | 40 | 41 | 42 | 43 | Azeem | Ethnic | Flats | Golden | Kohlapuri | New-26 | NewMar-26 | Stylo | Summer Shoes | Summer stock | Winter-26 | Women Shoes,2800,PKR,https://stylo.pk/products/golden-ethnic-chappal-for-women-ec0254,https://cdn.shopify.com/s/files/1/0485/1459/7030/files/EC025415_3.png?v=1773727068
ECS,Radiant Straps,"A kitten heel slipper featuring multiple slim rhinestone-encrusted straps that fan outward across the vamp in a sweeping, layered arrangement. Each strap is fully covered in densely set crystals, creating a continuous sparkle effect that catches light from every angle. The straps converge at a central knot point, adding a structured focal detail to the otherwise fluid, open design. A slim kitten heel provides comfortable elevation suited for extended wear at formal gatherings and festive celebrations. The open-toe square silhouette keeps the design contemporary and well-proportioned against the ornate upper. Styling Tip: Pair with solid modest formal wear to let the fully embellished multi-strap upper serve as the defining detail of your outfit. Material: Satin base upper with fully rhinestone-encrusted multi-strap construction and cushioned insole Design: Fan-style multi-strap kitten heel slipper with central knot detail and full crystal coverage Style: Embellished formal heel slipper",shoes,heel,heels,buckle,mid,women,party | office | wedding | eid | formal,all-season,false,Multicolor,Multicolor,multi,multi,multicolor,Pink | Pink | Pink | Pink | Pink | Pink | Black | Black | Black | Black | Black | Black,elegant | trendy,Footwear and Bags | New Arrival | New Arrival Partywear | New Arrivals | New Arrivals Women Footwear | Slippers & Chappal | Women Footwear | Women Heels | Women Partywear | Women Slippers,4300,PKR,https://shopecs.com/products/110252946x,https://cdn.shopify.com/s/files/1/0582/7303/8492/files/110252946XPK-1.jpg?v=1777549768
ECS,Baguette Lucite,"A refined and embellished women's heel slipper featuring a wide clear PVC forefoot strap overlaid with a geometric baguette-cut iridescent crystal lattice arrangement in a structured H-frame formation, set atop a smooth cushioned footbed for a polished, festive occasion silhouette. The precisely set iridescent baguette crystals create a bold architectural pattern across the transparent strap base, delivering a considered two-material construction with a luminous, editorial character suited to smart casual and formal occasion wear. A sculptured clear lucite kitten heel provides elegant elevation with a contemporary transparent finish through extended occasion use. Styling Tip: Pair with formal modest separates or festive occasion wear for a bold and luminous embellished finishing touch. Material: Clear PVC strap with iridescent baguette-cut crystal lattice overlay and smooth cushioned footbed Design: Kitten heel slipper with wide transparent strap, geometric H-frame crystal arrangement,",shoes,heel,heels,buckle,mid,women,party | office | wedding | eid | formal,all-season,false,Multicolor,Multicolor,multicolor,multicolor,multicolor,Fawn | Fawn | Fawn | Fawn | Fawn | Fawn | Peach | Peach | Peach | Peach | Peach | Peach,elegant | trendy,151–Max Units | New Arrival | New Arrival Partywear | New Arrivals | New Arrivals Women Footwear | Slippers & Chappal | Women Footwear | Women Heels | Women Partywear | Women Slippers,6500,PKR,https://shopecs.com/products/110252959x,https://cdn.shopify.com/s/files/1/0582/7303/8492/files/110252959XFN-GreyBackground-1.jpg?v=1776166292
ECS,Petal Grace,"A wide embellished strap heel crafted for those who appreciate detailed ornamentation on a graceful silhouette. Layered floral appliqués and densely set faceted stones cover the vamp, creating a textured and dimensional finish that stands out at formal gatherings. The slim metallic heel provides a confident lift while keeping the stride stable and comfortable. An open-toe slip-on construction adds effortless wearability for festive and semi-formal occasions. Styling Tip: Style with a formal gharara, embroidered kurta, or a tailored evening outfit for a complete festive look. Material: Synthetic upper with cushioned insole and metallic heel finish Design: Wide-strap heel with layered floral appliqué and faceted stone embellishment Style: Open-toe slip-on with slim metallic heel, suited for festive and formal wear #EmbellishedFootwear #FormalOccasionWear #SlimHeelStyle",shoes,heel,heels,buckle,unknown,women,party | office | wedding | eid | formal,all-season,false,Multicolor,Multicolor,multicolor,multicolor,multicolor,Golden | Golden | Golden | Golden | Golden | Golden | Pink | Pink | Pink | Pink | Pink | Pink,elegant | trendy,51–150 Units | Floral Bloom | New Arrival | New Arrival Partywear | New Arrivals | New Arrivals Women Footwear | Slippers & Chappal | Women Footwear | Women Heels | Women Partywear | Women Slippers,5300,PKR,https://shopecs.com/products/110252951x,https://cdn.shopify.com/s/files/1/0582/7303/8492/files/110252951XGD-GreyBackground-1.jpg?v=1776166288
ECS,Lace Jewel,"A richly textured women's heel slipper featuring a wide lace upper densely embellished with tonal gemstone clusters and faceted crystal beads that create a deeply ornate, occasion-ready surface with dramatic festive presence. Lace Jewel is crafted with a scallop-edged lace strap where the intricate crochet-style textile forms a dimensional base for the layered gemstone embellishment, combining fabric artistry with jewelled detail in a single cohesive upper. Styling Tip: Pair with a formal embroidered ensemble or rich festive separates to let the lace and gemstone upper serve as the defining statement of the occasion look. Material: Lace upper with tonal gemstone cluster and faceted crystal bead embellishment and satin footbed Design: Wide-strap heel slipper with scallop-edged lace upper, jewelled embellishment, flared heel, and open square toe Style: Festive occasion heel slipper with a richly ornate lace and gemstone upper and a dramatic elevated silhouette #LaceEmbellishedHeels #Gems",shoes,heel,heels,lace-up,unknown,women,party | office | wedding | eid | formal,all-season,false,Multicolor,Multicolor,multicolor,multicolor,multicolor,Maroon | Maroon | Maroon | Maroon | Maroon | Maroon | Brown | Brown | Brown | Brown | Brown | Brown | Beige | Beige | Beige | Beige | Beige | Beige,elegant | trendy,151–Max Units | Footwear and Bags | New Arrival | New Arrival Partywear | New Arrivals | New Arrivals Women Footwear | Slippers & Chappal | View all collection | Women Footwear | Women Heels | Women Partywear | Women Slippers,6500,PKR,https://shopecs.com/products/110252963x,https://cdn.shopify.com/s/files/1/0582/7303/8492/files/110252963X_MR-Grey_Background_1.jpg?v=1775730142
ECS,Prism Bloom,"A striking women's heel slipper featuring a wide mesh upper densely embellished with mixed pearl and crystal rhinestones arranged in a floral cluster pattern, set atop a sculptured transparent block heel for a bold festive statement. Prism Bloom is crafted with a fully embellished open-weave upper where pearls and faceted crystals are layered across the surface in an organic, blooming arrangement that creates a rich, dimensional texture with luminous depth. The clear acrylic block heel adds an architectural transparency that allows the embellished upper to remain the focal point while delivering a confident, stable lift suited to formal occasions. Styling Tip: Pair with a formal embroidered ensemble or elegant modest separates to let the pearl and crystal upper serve as the centrepiece of the festive look. Material: Mesh upper with mixed pearl and crystal rhinestone floral embellishment and cushioned footbed Design: Wide-strap heel slipper with fully embellished upper, transparent acry",shoes,heel,heels,buckle,unknown,women,party | office | wedding | eid | formal,all-season,false,White,White,pearl,pearl,neutral,Off White | Off White | Off White | Off White | Off White | Off White | Peach | Peach | Peach | Peach | Peach | Peach,elegant | trendy,151–Max Units | New Arrival | New Arrival Partywear | New Arrivals | New Arrivals Women Footwear | Slippers & Chappal | Women Footwear | Women Heels | Women Partywear | Women Slippers,5300,PKR,https://shopecs.com/products/110252954x,https://cdn.shopify.com/s/files/1/0582/7303/8492/files/110252954X_OFWT-Grey_Background_2.jpg?v=1775815417
ECS,Dew Cluster,"A luxurious women's heel slipper featuring a fully embellished crossover upper densely covered in scattered pearls and micro crystal rhinestones that create a rich, textured surface with a soft luminous finish. Dew Cluster is constructed with a mesh-base upper where the pearl and crystal arrangement builds across the entire strap in an organic, clustered pattern that catches light with quiet elegance. The sculptured flared heel adds a refined architectural lift suited to formal and festive occasions, while the open square toe completes the silhouette with a contemporary finish. Styling Tip: Pair with a formal embroidered ensemble or elegant ethnic separates to let the pearl and crystal embellishment serve as the centrepiece of the look. Material: Mesh upper with all-over pearl and micro crystal rhinestone embellishment and cushioned footbed Design: Crossover strap heel slipper with fully embellished upper, sculptured flared heel, and open square toe Style: Festive occasion slipper with",shoes,heel,heels,buckle,unknown,women,party | office | wedding | eid | formal,all-season,false,White,White,pearl,pearl,neutral,Grey | Grey | Grey | Grey | Grey | Grey | Peach | Peach | Peach | Peach | Peach | Peach,elegant | trendy,151–Max Units | New Arrival | New Arrival Partywear | New Arrivals | New Arrivals Women Footwear | Women Footwear | Women Heels | Women Partywear | Women Slippers,5000,PKR,https://shopecs.com/products/110252956x,https://cdn.shopify.com/s/files/1/0582/7303/8492/files/110252956X_GR-Grey_Background-1.jpg?v=1775646718
ECS,Pearl Twist,"A delicate heel slipper featuring a crossover toe strap lavishly embellished with scattered pearls and micro crystal detailing for an elegant festive finish. Pearl Twist is crafted with a mesh-base upper that allows the pearl and crystal arrangement to sit with depth and dimension across the foot, creating a refined decorative surface that catches light gracefully. The slender kitten heel offers a modest, comfortable lift suited to extended occasion wear without compromising on a poised, formal silhouette. A smooth cushioned footbed and clean open toe complete the construction with understated sophistication. Styling Tip: Pair with a formal embroidered outfit or elegant ethnic separates to complement the pearl embellishment for a graceful festive ensemble. Material: Mesh upper with pearl and micro crystal embellishment and cushioned footbed Design: Crossover strap heel slipper with scattered pearl detail, kitten heel, and open toe Style: Festive occasion slipper with delicate pearl emb",shoes,heel,heels,buckle,mid,women,party | office | wedding | eid | formal,summer,false,White,White,pearl,pearl,neutral,Golden | Golden | Golden | Golden | Golden | Golden | White | White | White | White | White | White,elegant | trendy,151–Max Units | New Arrival | New Arrival Partywear | New Arrivals | New Arrivals Women Footwear | Women Footwear | Women Heels | Women Partywear | Women Slippers,5000,PKR,https://shopecs.com/products/110252955x,https://cdn.shopify.com/s/files/1/0582/7303/8492/files/110252955X_GD-Grey_Background-1.jpg?v=1775646714
ECS,Lattice Spark,"A statement heel slipper featuring an intricately cut lattice toe strap densely encrusted with micro crystals and stud accents for a bold festive presence. Lattice Spark is constructed with a fully embellished geometric cage-style upper that catches light from every angle, creating a striking visual impact suited to formal and occasion wear. The sculptured flared heel adds an architectural dimension to the silhouette, balancing the ornate upper with a refined structural base. A cushioned insole and smooth footbed ensure comfort through extended festive wear, while the open square toe completes the look with a contemporary finish. Styling Tip: Pair with a solid or subtly embroidered formal ensemble to let the crystal lattice upper take centre stage. Material: Crystal-encrusted synthetic upper with stud accents and cushioned insole Design: Cage-style lattice toe strap heel slipper with sculptured flared heel and open square toe Style: Embellished festive slipper with geometric upper deta",shoes,heel,heels,buckle,unknown,women,party | office | wedding | eid | formal,all-season,false,Multicolor,Multicolor,multicolor,multicolor,multicolor,Beige | Beige | Beige | Beige | Beige | Beige | Black | Black | Black | Black | Black | Black,elegant | trendy,151–Max Units | New Arrival | New Arrival Partywear | New Arrivals | New Arrivals Women Footwear | Women Footwear | Women Heels | Women Partywear | Women Slippers,4500,PKR,https://shopecs.com/products/110252950x,https://cdn.shopify.com/s/files/1/0582/7303/8492/files/110252950X_BG-Grey_Background-1.jpg?v=1775646715
ECS,Prism Arch,"A sleek and contemporary heel slipper that pairs a clean, minimal upper with a striking transparent sculptured heel for a refined modern statement. Prism Arch is constructed with a smooth satin-finish synthetic upper featuring a single wide toe strap that sits neatly across the foot with understated elegance. The standout transparent flared heel adds an architectural quality to the silhouette, elevating the overall design beyond conventional formal footwear. A stud-embellished toe edge introduces a subtle decorative detail that adds quiet distinction without overpowering the clean lines of the upper. Styling Tip: Pair with formal modest separates or an embroidered ensemble to let the sculptured transparent heel serve as the defining detail of the look. Material: Satin-finish synthetic upper with stud toe edge and cushioned insole Design: Open-toe heel slipper with transparent flared sculptured heel and embellished toe line Style: Contemporary formal slipper with architectural heel deta",shoes,heel,heels,buckle,unknown,women,party | office | wedding | eid | formal,all-season,false,Multicolor,Multicolor,multicolor,multicolor,multicolor,Black | Black | Black | Black | Black | Black,elegant | trendy,151–Max Units | New Arrival | New Arrival Partywear | New Arrivals | New Arrivals Women Footwear | Women Footwear | Women Heels | Women Partywear | Women Slippers,4000,PKR,https://shopecs.com/products/110252398x,https://cdn.shopify.com/s/files/1/0582/7303/8492/files/110252398X_BL-Grey_Background-1.jpg?v=1775646711
ECS,Strand Drift,"A block-heel sandal featuring a structured mesh cage upper with overlapping faux leather trim straps and a slim ankle strap with a silver-tone pin buckle closure. The open-weave mesh construction gives this sandal a contemporary and refined character suited for semi-formal and casual wear. A smooth cushioned footbed provides steady comfort for extended wear. The open-toe design adds a modern touch to the overall silhouette of this sandal. A cylindrical block heel ensures a comfortable lift and steady balance throughout the day. This sandal suits casual outings, office wear, and semi-formal gatherings with ease. Styling Tip: Pair with tailored trousers, straight-cut kurtas, or semi-formal abayas for a composed and put-together look. Material: Mesh upper with faux leather trim straps, cushioned footbed, and cylindrical block heel Design: Block-heel sandal with mesh cage upper, overlapping strap detailing, ankle strap, and pin buckle closure Style: Semi-formal and casual sandal with a str",shoes,heel,heels,buckle,unknown,women,party | office | wedding | eid | formal,all-season,false,Grey,Grey,silver,silver,neutral,Black | Black | Black | Black | Black | Black,elegant | trendy,151–Max Units | Women Footwear | Women Formal | Women Heels | Women Sandals,3800,PKR,https://shopecs.com/products/110329055x,https://cdn.shopify.com/s/files/1/0582/7303/8492/files/110329055XBL-GreyBackground-1.jpg?v=1775471746
ECS,Baguette Radiance,"Glamorous and occasion-ready, this kitten heel open-toe heel features a mirror metallic cushioned footbed with a slim curved heel that provides elegant elevation and comfort throughout the day. Multiple slim metallic straps radiate outward in a sweeping arc formation across the front, each set with individually placed baguette-cut crystal rhinestones in a linear arrangement, creating a brilliant and ornate sunburst effect. The slip-on open-toe construction ensures an easy and comfortable fit for festive and semi-formal occasions. Styling Tip: Pair with festive or semi-formal occasion outfits for a glamorous and polished appearance. • Material: Mirror metallic footbed with multi slim baguette crystal-set radiating straps • Design: Kitten heel open-toe heel with sweeping arc baguette crystal straps and slim curved heel • Style: Festive semi-formal heel with glamorous and brilliant appeal #BaguetteRadiance #Kittenheel #BaguetteCrystal #FestiveGlam",shoes,heel,heels,lace-up,mid,women,party | office | wedding | eid | formal,all-season,false,Multicolor,Multicolor,multi,multi,multicolor,Golden | Golden | Golden | Golden | Golden | Golden | Silver | Silver | Silver | Silver | Silver | Silver,elegant | trendy,151–Max Units | Slippers & Chappal | Women Heels | Women Partywear | Women Slippers,9500,PKR,https://shopecs.com/products/110252944x,https://cdn.shopify.com/s/files/1/0582/7303/8492/files/110252944XGD-GrayBackground-1.jpg?v=1774852185
ECS,Twin Flare,"Striking and occasion-ready, this sculptured flared heel features a mirror metallic cushioned footbed with an open square toe and a bold flared heel with a mirrored finish that provides elevation and a dramatic silhouette throughout the day. Two wide flat bands fully encrusted with densely packed AB crystal rhinestones run in a clean parallel arrangement across the front, creating a brilliant and refined focal point. The slip-on open-toe construction ensures an easy and comfortable fit for festive and semi-formal occasions. Styling Tip: Pair with festive or semi-formal occasion outfits for a striking and polished appearance. • Material: Mirror metallic footbed with two wide crystal rhinestone encrusted parallel bands • Design: Sculptured flared mirror heel with twin crystal bands and open square toe • Style: Festive semi-formal heelwith striking and brilliant appeal #TwinFlare #Sculptedheel #CrystalBands #Festiveheel",shoes,heel,heels,slip-on,flat,women,party | office | wedding | eid | formal | casual,all-season,true,Multicolor,Multicolor,multicolor,multicolor,multicolor,Golden | Golden | Golden | Golden | Golden | Golden | Peach | Peach | Peach | Peach | Peach | Peach,elegant | trendy,151–Max Units | Slippers & Chappal | Women Heels | Women Partywear | Women Slippers,9500,PKR,https://shopecs.com/products/110252943x,https://cdn.shopify.com/s/files/1/0582/7303/8492/files/110252943XGD-GrayBackground-1.jpg?v=1774852184
ECS,Crystal Flare,"A mid-height flared heel featuring multiple rhinestone-encrusted straps arranged across the vamp in an interlocking cutout pattern that creates an open and structured upper. Each slim strap is fully set with densely packed faceted crystals, giving the entire upper a continuous and uniform sparkle. The distinctive flared heel adds an architectural quality to the silhouette, setting this design apart from conventional heel constructions. A square open-toe finish and slip-on format keep the look contemporary and effortless. Set on a woven-texture footbed with a cushioned insole, this heel is built for festive and formal occasions that call for a bold embellished statement. Styling Tip: Pairs well with a formal gharara, embroidered festive outfit, or tailored evening separates for occasions that call for a striking embellished finish. Material: Rhinestone-encrusted multi-strap upper with cushioned woven-texture insole and flared heel construction Design: Interlocking cutout multi-strap hee",shoes,heel,heels,buckle,unknown,women,party | office | wedding | eid | formal,all-season,false,Multicolor,Multicolor,multi,multi,multicolor,Green | Green | Green | Green | Green | Green | Beige | Beige | Beige | Beige | Beige | Beige,elegant | trendy,151–Max Units | Footwear and Bags | New Arrival | New Arrival Partywear | New Arrivals | New Arrivals Women Footwear | Slippers & Chappal | Women Footwear | Women Heels | Women Partywear | Women Slippers,4300,PKR,https://shopecs.com/products/110252397x,https://cdn.shopify.com/s/files/1/0582/7303/8492/files/110252397XGN-1.jpg?v=1776251948
ECS,Petal Trim,"Featuring a wide toe strap hand-embellished with raised fabric floral appliqués, gold-tone crystal clusters, and fine micro-crystal border trim along the edges, this open-toe stiletto sandal includes a slim adjustable ankle strap with a silver-tone buckle, a smooth synthetic footbed, and a slender stiletto heel for a refined, occasion-ready finish. Styling Tip: Wear with a formal chiffon suit and a delicate bracelet for a polished Eid or wedding gathering look. Material: Synthetic toe strap with fabric floral appliqués, gold crystal clusters, micro-crystal border trim, smooth synthetic footbed, stiletto heel Design: Open-toe stiletto sandal with wide embellished strap featuring raised floral appliqués, crystal clusters, and micro-crystal edge trim Style: Women's sandal for festive occasions, Eid gatherings, and formal evening wear #FloralApplique #CrystalSandal #StilettHeels #FestiveSandal",shoes,heel,sandals,buckle,high,women,casual | party | wedding | bridal | eid | formal | office,all-season,false,Gold,Gold | Grey,gold,gold | silver,earth,Fawn | Fawn | Fawn | Fawn | Fawn | Fawn,trendy,Floral Bloom | Footwear and Bags | New Arrival | New Arrival Partywear | New Arrivals | New Arrivals Women Footwear | Women Footwear | Women Heels | Women Partywear | Women Sandals,7500,PKR,https://shopecs.com/products/110355525x,https://cdn.shopify.com/s/files/1/0582/7303/8492/files/110355525XFN-GreyBackground-1.jpg?v=1779775250
ECS,Crystal Sling,"A slingback heel sandal featuring a broad transparent PVC vamp strap centred with an oval cabochon stone set in an antique gold-tone filigree frame, adding a refined jewelled accent to the minimal design. The clear strap construction creates an open, airy aesthetic while the sculptural lucite heel adds a contemporary architectural element to the overall silhouette. A slim elasticated slingback strap ensures a secure, comfortable fit suited for extended wear at formal and semi-formal occasions. The open-toe design and cushioned insole provide breathable comfort throughout festive gatherings and celebrations. Styling Tip: Pair with formal modest attire in a solid tone to let the clear strap and jewelled cabochon detail stand out. Material: Transparent PVC vamp strap with oval cabochon stone, antique gold-tone filigree frame and lucite sculptural heel Design: Open-toe slingback sandal with clear vamp strap, centred gemstone accent and sculptural transparent heel Style: Formal embellished",shoes,heel,sandals,buckle,unknown,women,casual | party | eid | formal | office,summer,false,Gold,Gold,antique gold,antique gold,earth,Brown | Brown | Brown | Brown | Brown | Brown | Blue | Blue | Blue | Blue | Blue | Blue,trendy,Footwear and Bags | New Arrival | New Arrival Partywear | New Arrivals | New Arrivals Women Footwear | View all collection | Women Footwear | Women Heels | Women Partywear | Women Sandals,4800,PKR,https://shopecs.com/products/110355511x,https://cdn.shopify.com/s/files/1/0582/7303/8492/files/110355511XBR-GreyBackground-1.jpg?v=1777536101
ECS,Gem Flare,"A sculptural heel sandal featuring a satin vamp strap adorned with a row of oval cabochon gemstones set in antique gold-tone filigree frames, creating a bold yet refined centrepiece across the foot. The flared gold-tone heel adds a striking architectural contrast to the deep-toned satin upper, elevating this sandal into distinctive occasion territory. A slim ankle strap with a gold-tone buckle fastening ensures a secure, adjustable fit that frames the embellished vamp with clean simplicity. The open-toe silhouette and cushioned insole provide comfortable, breathable wear throughout formal gatherings and celebrations. Styling Tip: Pair with formal modest attire in a solid deep tone to let the gemstone embellishment and sculptural heel take centre stage. Material: Satin upper with oval cabochon gemstones set in antique gold-tone filigree frames and cushioned insole Design: Open-toe sculptural heel sandal with gemstone-embellished vamp strap and slim buckle ankle strap Style: Formal embel",shoes,heel,heels,buckle,unknown,women,party | office | wedding | eid | formal,summer,false,Gold,Gold,antique gold,antique gold,earth,Green | Green | Green | Green | Green | Green | Brown | Brown | Brown | Brown | Brown | Brown,elegant | trendy,Footwear and Bags | New Arrival | New Arrival Partywear | New Arrivals | New Arrivals Women Footwear | View all collection | Women Footwear | Women Heels | Women Partywear | Women Sandals,6500,PKR,https://shopecs.com/products/110355503x,https://cdn.shopify.com/s/files/1/0582/7303/8492/files/110355503XGN-GreyBackground-1.jpg?v=1777536099
ECS,Mesh Bloom,"A block heel sandal featuring a voluminous organza bow at the vamp, embellished with gold-tone square crystal studs that add a refined festive accent to the sheer layered construction. The suede-finish upper and matching ankle strap create a cohesive, textured look that complements the decorative bow with understated sophistication. A sturdy block heel provides confident elevation with stable support suited for extended wear at gatherings and formal occasions. The open-toe silhouette and cushioned insole ensure comfortable, breathable wear throughout the event. Styling Tip: Pair with formal modest attire in a solid tone to let the embellished organza bow take centre stage. Material: Suede-finish faux leather upper with layered organza bow and gold-tone square crystal stud embellishment Design: Open-toe block heel sandal with oversized embellished bow vamp accent and slim buckle ankle strap Style: Formal embellished sandal suited for festive occasions, celebrations and semi-formal event",shoes,heel,heels,buckle,unknown,women,party | office | wedding | eid | formal,summer,false,Gold,Gold,gold,gold,earth,Black | Black | Black | Black | Black | Black | Golden | Golden | Golden | Golden | Golden | Golden,elegant | trendy,Footwear and Bags | New Arrival | New Arrival Partywear | New Arrivals | New Arrivals Women Footwear | Women Footwear | Women Heels | Women Partywear | Women Sandals,5800,PKR,https://shopecs.com/products/110355502x,https://cdn.shopify.com/s/files/1/0582/7303/8492/files/110355502XBL-1.jpg?v=1777536098
ECS,Tulle Bow,"A flared heel sandal featuring an oversized organza bow accent at the vamp, delicately outlined with rhinestone chain trim and pearl drop detailing for a soft, festive finish. The sheer layered tulle bow construction adds volume and dimension to the toe strap, creating a distinctive focal point that is refined without being excessive. A slim ankle strap with a gold-tone buckle fastening provides a secure, adjustable fit that complements the ornate vamp detail with understated simplicity. The sculptural flared heel adds a contemporary design element that elevates this sandal beyond conventional occasion footwear. An open-toe silhouette and cushioned insole ensure comfortable wear throughout formal gatherings and celebrations. Styling Tip: Pair with formal modest attire in a solid tone to allow the organza bow and pearl detailing to serve as the defining accent of your occasion look. Material: Smooth faux leather base with layered organza bow, rhinestone chain outline and pearl drop embe",shoes,heel,heels,buckle,unknown,women,party | office | wedding | eid | formal,winter,false,White,White | Gold,pearl,pearl | gold,neutral,Beige | Beige | Beige | Beige | Beige | Beige,elegant | trendy,Footwear and Bags | New Arrival | New Arrival Partywear | New Arrivals | New Arrivals Women Footwear | View all collection | Women Footwear | Women Heels | Women Partywear | Women Sandals,5800,PKR,https://shopecs.com/products/110355499x,https://cdn.shopify.com/s/files/1/0582/7303/8492/files/110355499XBG-GreyBackground-1.jpg?v=1777536097
ECS,Split Grace,"Designed with a unique and modern traditional touch, this tabi-inspired footwear blends cultural character with everyday comfort. The front features a distinctive split-toe design that gives it a refined and recognizable look. A soft upper with neat stitching details adds to the clean and elegant appearance. The supportive strap across the foot helps provide a secure and comfortable fit. With a soft cushioned footbed and lightweight sole, it allows relaxed movement throughout the day. Ideal for casual outings or modest styling, this design combines tradition with contemporary comfort. Styling Tip : Pair it with modest dresses, abayas, or minimal traditional outfits for a neat and distinctive look. • Material: Soft synthetic upper with cushioned footbed • Design: Split-toe tabi style with supportive strap • Style: Traditional inspired casual footwear #WomensTabi #SplitToeDesign #ModernTraditionalStyle #ComfortFootwear",shoes,pump,heels,buckle,flat,women,party | formal,winter,false,Multicolor,Multicolor,multicolor,multicolor,multicolor,Beige | Beige | Beige | Beige | Beige | Beige | Black | Black | Black | Black | Black | Black,elegant,151–Max Units | Casual Winter | Flat | Pumps | Women Casual | Women Footwear | Women Pumps,7500,PKR,https://shopecs.com/products/110500527x,https://cdn.shopify.com/s/files/1/0582/7303/8492/files/110500527XBG-1.jpg?v=1772788372
ECS,Tabi Mary-Janes,"This elegant Tabi Mary Jane features a distinctive split-toe design inspired by Tabi footwear. The unique toe structure enhances balance while creating a bold and fashionable look. The classic Mary Jane strap with buckle closure provides a secure and adjustable fit. Crafted with a smooth synthetic upper, it delivers a refined and polished finish. The cushioned footbed ensures lasting comfort throughout the day. Its sleek pump-style silhouette makes it suitable for both casual and semi-formal wear. Carefully finished edges add durability and long-term usability. Styling Tip: Pair with dresses, tailored pants, or ethnic outfits for a graceful and confident look. Material: Smooth synthetic upper with soft inner lining and cushioned footbed Design: Tabi Mary-Jane with adjustable buckle strap and traditional split-toe detailing Style: Modern statement footwear with classic and cultural influence",shoes,pump,heels,buckle,flat,women,party | formal | office,winter,false,Multicolor,Multicolor,multicolor,multicolor,multicolor,Brown | Brown | Brown | Brown | Brown | Brown | Cream | Cream | Cream | Cream | Cream | Cream,elegant,151–Max Units | Casual Winter | Flat | Pumps | Women Casual | Women Footwear | Women Pumps,7500,PKR,https://shopecs.com/products/110500526x,https://cdn.shopify.com/s/files/1/0582/7303/8492/files/110500526XCR_1.jpg?v=1770901128
ECS,Noir Crystal,"This elegant women’s pump mule features a pointed-toe silhouette accented with a dazzling crystal buckle for a luxurious look. Designed with a soft cushioned insole, it provides comfort for extended wear and daily styling. The rich black fabric upper adds depth and sophistication to your footwear collection. Its slip-on backless design offers ease of wear while maintaining a refined appearance. Carefully crafted detailing enhances durability and premium appeal. Perfect for formal events, office wear, and evening outings, it complements both western and fusion ensembles effortlessly. Styling Tip: Pair with tailored trousers, dresses, or evening wear for a polished and glamorous finish. Material: Cushioned synthetic insole with textured fabric upper and rubber outsole Design: Pointed-toe backless pump mule with crystal buckle embellishment Style: Elegant slip-on pump with formal and eveningwear appeal",shoes,pump,heels,buckle,unknown,women,party | formal | office,winter,false,Black,Black,black,black,neutral,Black | Black | Black | Maroon | Maroon | Maroon,elegant,151–Max Units | Plus Size | Plus Sizes | Plus sizes view all | Pluse Sizes | Special Moment | Winter 24/25 | Women Footwear | Women Partywear | Women Plus Sizes | Women Pumps,4800,PKR,https://shopecs.com/products/110590016x,https://cdn.shopify.com/s/files/1/0582/7303/8492/files/DSC_5232_ee6f6406-33dd-4a02-a286-1759878fe55d.jpg?v=1770191785
ECS,Velvet Crest,"This elegant pump showcases a smooth upper accented with a decorative buckle detail for a polished finish. The low block heel provides balance and comfort for extended wear. Designed for versatility, it complements both formal and semi-formal outfits. A timeless addition to any footwear collection. Styling Tip: Pair with trousers, dresses, or office wear. Material: Soft faux leather upper Design: Closed toe with metallic accent Style: Formal classic",shoes,pump,heels,buckle,unknown,women,party | formal | office,winter,false,Multicolor,Multicolor,multicolor,multicolor,multicolor,Grey | Grey | Grey | Grey | Grey | Grey | Copper | Copper | Copper | Copper | Copper | Copper,elegant,151–Max Units | Casual Winter | Less than 5K | Winter 24/25 | Women Casual | Women Footwear | Women Pumps,2400,PKR,https://shopecs.com/products/110500513x,https://cdn.shopify.com/s/files/1/0582/7303/8492/files/DSC_1739_705ce732-d4db-43ba-b566-1f7ad4f66f90.jpg?v=1765530388
ECS,Royal Knot,"Featuring a graceful silhouette with a statement bow embellishment, this pump blends elegance with comfort. The sturdy heel offers confident support, while the soft inner lining enhances wearability. Ideal for events where sophistication is key. A refined choice for elevated looks. Styling Tip: Wear with evening dresses or tailored outfits. Material: Smooth synthetic upper Design: Decorative bow with closed toe Style: Party formal",shoes,pump,heels,slip-on,unknown,women,party | formal | office,winter,false,Multicolor,Multicolor,multicolor,multicolor,multicolor,Green | Green | Green | Green | Green | Green | Green,elegant,51–150 Units | Less than 5K | Winter 24/25 | Women Footwear | Women Partywear | Women Pumps,3800,PKR,https://shopecs.com/products/110540065x,https://cdn.shopify.com/s/files/1/0582/7303/8492/files/DSC_1719_13c1141e-e115-43c8-a1c6-607073175e51.jpg?v=1765530474
ECS,Luxe Point,"A classy pump made for chic evenings and formal gatherings. The pointed silhouette adds elegance, while the textured detailing on the toe enhances visual appeal. Its cushioned interior ensures comfort, making it suitable for extended wear. Styling Tip: Pair with wide-leg trousers, formal dresses, or midi skirts for a graceful finish. Material: Soft textured upper with cushioned lining Design: Slip-on pointed-toe with embroidered detail Style: Elegant semi-formal pump",shoes,pump,heels,slip-on,unknown,women,party | formal | office,winter,false,Multicolor,Multicolor,multicolor,multicolor,multicolor,Light Golden | Light Golden | Light Golden | Light Golden | Light Golden | Light Golden | Light Golden | Light Golden | Blue | Blue | Blue | Blue | Blue | Blue | Blue | Blue,elegant,151–Max Units | Casual Winter | Less than 5K | Winter 24/25 | Women Casual | Women Pumps,3400,PKR,https://shopecs.com/products/110500018x,https://cdn.shopify.com/s/files/1/0582/7303/8492/files/DSC_1522_78c616cb-0e67-49dd-b1df-44814c886b40.jpg?v=1765359141
ECS,Soft Ease,"A minimal and versatile pump crafted with a smooth, velvety surface and a chic metal buckle accent. Its cushioned insole ensures long-lasting comfort, making it ideal for office routines, casual meetups, or daily wear. A refined pick for women who prefer elegance in simplicity. Styling Tip: Pair with tailored pants, casual jeans, or semi-formal dresses for a neat and polished look. Material: Suede-textured upper with metal ornament Design: Closed-toe pump with a soft structured form Style: Classic everyday pump",shoes,pump,heels,buckle,flat,women,party | formal | office,winter,false,Multicolor,Multicolor,multicolor,multicolor,multicolor,Pink | Pink | Pink | Pink | Pink | Pink | Pink,elegant,Casual Winter | Flat | MKD | Pumps | Sale | Sale Casual | Sale Pumps | Upto 30% | Winter 24/25 | Women Casual | Women Footwear | Women Pumps,5000,PKR,https://shopecs.com/products/111400003x,https://cdn.shopify.com/s/files/1/0582/7303/8492/files/111400003XPK_1.jpg?v=1765195808
ECS,Woven Grace,"A breathable pump featuring a beautifully woven upper that ensures airflow and comfort. The soft inner lining and flexible structure make it ideal for extended wear, while its feminine bow detail adds charm. Great for office days, casual outings, or warm-weather wear. Styling Tip: Style with cropped trousers, everyday dresses, or linen outfits for a soft, chic finish. Material: Flexible woven synthetic Design: Breathable woven pump with bow detail Style: Lightweight daily-wear pumps",shoes,pump,heels,slip-on,unknown,women,party | formal | office,summer | winter,false,Multicolor,Multicolor,multicolor,multicolor,multicolor,Black | Black | Black | Black | Black | Black | Cream | Cream | Cream | Cream | Cream | Cream | Tan | Tan | Tan | Tan | Tan | Tan,elegant,Winter 24/25 | Women Casual | Women Footwear | Women Pumps,8500,PKR,https://shopecs.com/products/110500470x,https://cdn.shopify.com/s/files/1/0582/7303/8492/files/110500470XBL_1.jpg?v=1764845823
ECS,Shine Step,"A lightweight pump crafted for effortless comfort and subtle elegance. Its patterned upper adds texture, while the clean outline keeps the look refined. Ideal for women who want an easy slip-on coat shoe suitable for office or casual wear. Styling Tip: Perfect with tailored trousers, abayas, and modest business outfits. Material: Soft woven upper Design: Textured finish with minimal styling Style: Everyday pump",shoes,pump,heels,slip-on,unknown,women,party | formal | office,winter,false,Multicolor,Multicolor,multicolor,multicolor,multicolor,Blue | Blue | Blue | Blue | Blue | Blue | Brown | Brown | Brown | Brown | Brown | Brown,elegant,151–Max Units | Less than 5K | Winter 24/25 | Women Casual | Women Footwear | Women Pumps,2200,PKR,https://shopecs.com/products/110500512x,https://cdn.shopify.com/s/files/1/0582/7303/8492/files/DSC_0288_f52d61b4-d08d-4282-aab9-35a23d5482da.jpg?v=1763633763
ECS,Woven Ease,"A breathable and versatile pump designed for effortless style. The textured woven upper brings a natural aesthetic, while the sleek front strap adds a refined, structured finish. Lightweight and flexible, it’s perfect for everyday wear and modest dressing. Styling Tip: Best paired with summer trousers, cotton kurtis, or casual modest outfits. Material: Woven synthetic upper Design: Pointed toe with strap and buckle accent Style: Casual woven pump",shoes,pump,heels,buckle,unknown,women,party | formal,summer | winter,false,Multicolor,Multicolor,multicolor,multicolor,multicolor,Beige | Beige | Beige | Beige | Beige | Beige | Black | Black | Black | Black | Black | Black,elegant,Less than 5K | Winter 24/25 | Women Casual | Women Footwear | Women Pumps,2400,PKR,https://shopecs.com/products/110500504x,https://cdn.shopify.com/s/files/1/0582/7303/8492/files/DSC_0261_f84db569-a11b-4177-be74-05051409d0a1.jpg?v=1763632947
ECS,Grace Buckle,"A refined pump designed for everyday polish and effortless comfort. Its smooth finish and structured silhouette create a neat, feminine look, while the metallic buckle accent adds a modern touch. The cushioned footbed ensures ease during long wear, making it ideal for workdays and casual outings. Perfect for women who prefer a clean, minimal pump with subtle charm. Styling Tip: Pair with straight trousers or modest dresses for an elevated everyday appearance. Material: Soft faux leather Design: Rounded toe with metallic buckle detail Style: Minimal everyday pump",shoes,pump,heels,buckle,unknown,women,party | formal | office,winter,false,Multicolor,Multicolor,multicolor,multicolor,multicolor,Blue | Blue | Blue | Blue | Blue | Blue,elegant,151–Max Units | Less than 5K | Winter 24/25 | Women Casual | Women Footwear | Women Pumps,2200,PKR,https://shopecs.com/products/110500477x,https://cdn.shopify.com/s/files/1/0582/7303/8492/files/DSC_0276_4cf7bbf6-2537-4fc2-ba68-1afd8e91bf06.jpg?v=1763632532
ECS,Velvet Bow,"A graceful pump crafted to bring softness and elegance to daily wear. Its gentle shimmer and delicate bow accent offer a feminine touch, while the lightweight build ensures day-long comfort. Ideal for women who love a subtle blend of charm and practicality in their pumps. Styling Tip: Complements flowy abayas, midi skirts, and casual feminine outfits. Material: Smooth faux upper Design: Bow detailing with embellished centerpiece Style: Chic everyday pump",shoes,pump,heels,slip-on,unknown,women,party | formal,winter,false,Multicolor,Multicolor,multicolor,multicolor,multicolor,Purple | Purple | Purple | Purple | Purple | Purple | Golden | Golden | Golden | Golden | Golden | Golden,elegant,Less than 5K | Winter 24/25 | Women Casual | Women Footwear | Women Pumps,2600,PKR,https://shopecs.com/products/110500503x,https://cdn.shopify.com/s/files/1/0582/7303/8492/files/DSC_0271_9e116223-5362-4dbe-964b-52816b6c59a1.jpg?v=1763632643
ECS,Soft Grace,"A classic full-coverage pump designed for all-day comfort with a minimal, clean silhouette. The layered strap detailing adds subtle elegance suitable for modest dressing. The cushioned inner sole supports extended wear for work or daily routines. Its flexible structure offers smooth movement and durability. A refined choice for customers seeking reliable and stylish flat footwear. Styling Tip: Ideal with modest layered outfits or tailored daily wear for a neat, polished finish. Material: Soft synthetic upper Design: Full-cover flat with layered front detail Style: Comfortable everyday pump",shoes,pump,heels,buckle,flat,women,party | formal | office,winter,false,Multicolor,Multicolor,multicolor,multicolor,multicolor,Maroon | Maroon | Maroon | Maroon | Maroon | Maroon,elegant,Casual Winter | Less than 5K | Winter 24/25 | Women Casual | Women Footwear | Women Pumps,2400,PKR,https://shopecs.com/products/110500481x,https://cdn.shopify.com/s/files/1/0582/7303/8492/files/DSC_9862_90f04da0-35ef-443a-aede-ba7d80429c42.jpg?v=1762952346
ECS,Velvet Bloom,"A soft and elegant pump designed with a floral embellishment for a beautiful statement. The velvet finish adds richness while keeping comfort intact. Ideal for semi-formal events, dinners, and festive occasions. Lightweight and smooth, it blends classic femininity with a modern feel. A perfect pick when you want subtle glamour. Styling Tip: Pair with long pleated skirts or lace-detail outfits for a dreamy modest look. Material: Velvet synthetic Design: Flower-embellished round-toe pump Style: Semi-formal dress pump",shoes,pump,heels,lace-up,unknown,women,party | formal | eid | office,winter,false,Multicolor,Multicolor,multicolor,multicolor,multicolor,Black | Black | Black | Black | Black | Black | Maroon | Maroon | Maroon | Maroon | Maroon | Maroon,elegant,Casual Winter | Less than 5K | Special Moment | Winter 24/25 | Women Casual | Women Footwear | Women Pumps,2400,PKR,https://shopecs.com/products/110500502x,https://cdn.shopify.com/s/files/1/0582/7303/8492/files/DSC_9534_fdbbe292-0349-4e36-950c-0a56a46eca16.jpg?v=1762774767
ECS,Mesh Charm,"Delicate, breathable, and beautifully feminine, this pump brings comfort to chic dressing. The mesh body ensures light airy wear, keeping feet relaxed all day. A dainty strap adds secure elegance, making it perfect for movement-filled days. From casual lunches to light festive gatherings, it's a go-to pick. Adding subtle texture, it lifts any look with minimal effort. Styling Tip: Wear with chiffon dresses or embroidered long shirts for a soft graceful outfit. Material: Mesh fabric with faux leather trims Design: Rounded-toe with strap for support Style: Elegant comfort pump",shoes,pump,heels,buckle,unknown,women,party | formal | eid,summer | winter,false,Multicolor,Multicolor,multicolor,multicolor,multicolor,Black | Black | Black | Black | Black | Black | Cream | Cream | Cream | Cream | Cream | Cream,elegant,51–150 Units | Less than 5K | Winter 24/25 | Women Footwear | Women Partywear | Women Pumps,5000,PKR,https://shopecs.com/products/110500458x,https://cdn.shopify.com/s/files/1/0582/7303/8492/files/DSC_9714_b0cba1d0-3977-4564-a7c6-8aa71c11c8b0.jpg?v=1762774532
ECS,Mesh Charm,"A breathable and graceful flat that blends comfort with subtle elegance. Mesh sides provide airy relief and a delicate look, while soft framing ensures a secure fit all day. Ideal for warm weather and everyday outings. Styling Tip : Pair with pastel kurtas, flowy trousers, or denim for an effortless soft-look appeal. Material: Mesh and synthetic blend Design: Slip-on flat with front bow tie Style: Light casual flat",shoes,pump,heels,slip-on,flat,women,party | formal,summer | winter,false,Blue,Blue,denim,denim,blue,Fawn | Fawn | Fawn | Fawn | Fawn | Fawn | Fawn,elegant,Casual Winter | Less than 5K | Winter 24/25 | Women Casual | Women Footwear | Women Pumps,3000,PKR,https://shopecs.com/products/110500509x,https://cdn.shopify.com/s/files/1/0582/7303/8492/files/DSC_9147_bb547dd7-1f01-4b9f-8edd-7b24f46194d4.jpg?v=1762145056
ECS,Elegant Charm,"A graceful pair crafted for comfort and refined everyday style. The soft finish and classy bow accent add a touch of feminine elegance. Light cushioning ensures lasting comfort for long wear. A perfect choice for casual outings, work routines, and daily errands. Designed to complement modest and modern wardrobes with ease. Slip into style that feels effortless and chic. Styling Tip: Pair with ankle-length trousers or a flowy abaya for a clean and polished look. Material: Soft textile &amp; PU Design: Bow accent with smooth lining Style: Daily casual pumps",shoes,pump,heels,slip-on,unknown,women,party | formal | office,winter,false,Multicolor,Multicolor,multicolor,multicolor,multicolor,Black | Black | Black | Black | Black | Black | Blue | Blue | Blue | Blue | Blue | Blue,elegant,51–150 Units | Less than 5K | Winter 24/25 | Women Casual | Women Footwear | Women Pumps,1800,PKR,https://shopecs.com/products/110500483x,https://cdn.shopify.com/s/files/1/0582/7303/8492/files/DSC_8653_a3571f98-fcdc-4411-97fc-7ebe7d1455ed.jpg?v=1761711534
ECS,Cozy Classic,"Designed for comfort lovers who appreciate warm texture and soft interior padding. This pair provides all-day ease with a graceful yet relaxed finish. Decorative chain detail adds a subtle touch of class. Ideal for everyday wear, from casual strolls to workplace routines. Gentle on feet and stylish enough for versatile pairing. Styling Tip: Match with wide-leg pants or a modest tunic set for a classy day look. Material: Soft knit &amp; PU Design: Chain detail with cushioned insole Style: Casual pumps",shoes,pump,heels,lace-up,unknown,women,party | formal | office,winter,false,Multicolor,Multicolor,multicolor,multicolor,multicolor,Chikoo | Chikoo | Chikoo | Chikoo | Chikoo | Chikoo | Black | Black | Black | Black | Black | Black,elegant,151–Max Units | Less than 5K | Winter 24/25 | Women Casual | Women Footwear | Women Pumps,2200,PKR,https://shopecs.com/products/110500484x,https://cdn.shopify.com/s/files/1/0582/7303/8492/files/DSC_8648_dab751a5-1fa9-40b1-8544-65b10dfbb6fd.jpg?v=1761711605
ECS,ComfortEase Secure,"With adjustable double hook-and-loop straps, this open sandal ensures a secure fit while providing maximum foot comfort. The reflex-zone sole aids circulation and reduces pressure on joints, perfect for those with medical foot concerns. Styling Tip: Match with casual outfits for daily strolls or indoor wear. Style: Adjustable Medicated Open Sandal Upper Material: Genuine Leather Sole: Durable, Cushioned Sole Footbed: Orthopedic with Pressure Distribution Fastening: Dual Hook-and-loop closure Heel Type: Flat Comfort Sole Best For: Arthritis, diabetes, swelling, long standing hours #ortho #Orthocare #Medicated #medicatedshoes #drmauch #reflexo",shoes,wedge,heels,buckle,flat,women,party | casual,summer,false,Multicolor,Multicolor,multicolor,multicolor,multicolor,Black | Black | Black | Black | Black | Black | Brown | Brown | Brown | Brown | Brown | Brown,trendy,2 Inch Heel | Comfort | Dr. Mauch | Footwear and Bags | MKD | s Women Footwear | Sale | Sale Slippers | Slippers | Slippers & Chappal | Summer | Upto 30% | Wedge | Wedges | Women Comfy | Women Footwear | Women Slippers | Women Wedges,5000,PKR,https://shopecs.com/products/110280136x,https://cdn.shopify.com/s/files/1/0582/7303/8492/files/DSC_1715_b56fd41a-71da-4de5-8e63-95267d7ae404.jpg?v=1756708940
ECS,Eco-Weave Wedge Slides,"Step into stylish comfort with the ""Eco-Weave Wedge Slides."" These unique wedge slippers feature a woven strap crafted with sustainable materials, showcasing a chic checkered pattern in natural tones and subtle metallic accents. The comfortable wedge heel provides a gentle lift, perfect for everyday elegance. Styling Tip: Pair these eco-friendly wedge slides with a light cotton kurta and trousers or a flowy summer dress for a relaxed yet stylish look while enjoying a warm day. Their unique texture will add an interesting element to your outfit. Material: Woven sustainable materials with metallic accents Embellishment: Checkered woven strap Heel Height: Wedge Style: Slip-on slippers #Banana Leather",shoes,wedge,heels,buckle,platform,women,party | casual,summer | winter,false,Multicolor,Multicolor,multicolor,multicolor,multicolor,Beige | Beige | Beige | Beige | Beige | Beige,trendy,3 Inch Heel | 51–150 Units | Banana Leather | Casual | Footwear and Bags | Heels | Slippers | Slippers & Chappal | Summer | View all collection | Wedge | Wedges | women | Women Casual | Women Footwear | Women Heels | Women Slippers | Women Wedges,3900,PKR,https://shopecs.com/products/110225075x,https://cdn.shopify.com/s/files/1/0582/7303/8492/files/DSC_0934_a38530ad-289c-4010-885e-5d057620db63.jpg?v=1756709071
ECS,Embellished Wedge Heels,"Add a touch of glamour to your look with the Embellished Wedge Heels. These stylish heels feature intricate embellishments on the front strap, creating a look that's both elegant and eye-catching. The comfortable wedge heel provides a stable and stylish lift. Style Tip: Pair these heels with a modest evening gown or a long skirt and a coordinating top for a sophisticated and polished look. Material: Satin and Embellishments Type: Wedge Heels Design: Embellished strap, Wedge heel Features: Adjustable ankle strap Occasion: Evening Wear, Special Occasions",shoes,wedge,heels,buckle,platform,women,party | casual,summer,false,Multicolor,Multicolor,multicolor,multicolor,multicolor,Black | Black | Black | Black | Black | Black | Golden | Golden | Golden | Golden | Golden | Golden,trendy,3 Inch Heel | Footwear and Bags | MKD | Partywear | Sale | Sale Sandals | Summer | Upto 50% | Wedge | Wedges | women | Women Footwear | Women Partywear | Women Sandals | Women Wedges,1600,PKR,https://shopecs.com/products/110355416x,https://cdn.shopify.com/s/files/1/0582/7303/8492/files/DSC_3587_4fa71fae-47af-476c-83d5-5f72f8e06a96.jpg?v=1756710138
ECS,Executive Shine Wedges,"Command attention with the Executive Shine Wedges. These polished black wedges feature a high-shine patent finish and a sophisticated rectangular metallic buckle across the vamp, exuding professional style with a touch of modern flair. The comfortable wedge heel provides subtle lift and all-day support, making them perfect for long days at the office or important meetings. Style Tip: These refined wedges pair perfectly with tailored suits, pencil skirts, and dresses for a polished and professional look, or add a touch of sophistication to more casual outfits like dark-wash jeans and a crisp blouse. Material: Patent Synthetic Heel Height: Wedge Heel Feature: Rectangular Metallic Buckle, Closed Toe",shoes,wedge,heels,buckle,platform,women,party | casual | formal | office,winter,false,Black,Black,black,black,neutral,Black | Black | Black | Black | Black | Black | Brown | Brown | Brown | Brown | Brown | Brown,trendy,2 Inch Heel | Casual | Footwear and Bags | Formal | Less than 5K | Loafers | MKD | Sale | Sale Court Shoes | Upto 30% | Wedge | Wedges | Winter 24/25 | women | Women Footwear | Women Formal | Women Wedges,5000,PKR,https://shopecs.com/products/111477010x,https://cdn.shopify.com/s/files/1/0582/7303/8492/files/DSC_1484.jpg?v=1756710597
ECS,Pearl Glaze Wedges,"Step into refined elegance with the Pearl Glaze Wedges. These sophisticated nude wedges feature a glossy patent finish and a unique, curved metallic buckle detail, adding a touch of modern flair to a classic silhouette. The comfortable wedge heel provides subtle lift and all-day wearability, making them perfect for both professional and social settings. Style Tip: These versatile wedges pair beautifully with everything from tailored trousers and pencil skirts for a polished work look to flowing dresses and skirts for a more relaxed, chic style. They also complement both neutral and brightly colored outfits. Material: Patent Synthetic Heel Height: Wedge Heel Feature: Curved Metallic Buckle, Closed Toe",shoes,wedge,heels,buckle,platform,women,party | casual | formal | office,winter,false,White,White | Beige,pearl,pearl | nude,neutral,Cream | Cream | Cream | Cream | Cream | Cream | Green | Green | Green | Green | Green | Green,trendy,2 Inch Heel | Court Shoes | Court Shoes & Mules | Footwear and Bags | Formal | Less than 5K | MKD | Sale | Sale Court Shoes | Upto 30% | Wedge | Wedges | Winter 24/25 | women | Women Court Shoes | Women Footwear | Women Formal | Women Wedges,4500,PKR,https://shopecs.com/products/110650072x,https://cdn.shopify.com/s/files/1/0582/7303/8492/files/DSC_1532.jpg?v=1756710611
ECS,Onyx Bow Wedge Loafers,"Step into sophisticated comfort with the Onyx Bow Wedge Loafers. These sleek black loafers feature a soft, suede-like upper and a distinctive metallic bow detail at the vamp, adding a touch of modern elegance. The comfortable wedge heel provides subtle lift and all-day wearability. Style Tip: These versatile loafers pair perfectly with tailored trousers, skirts, or dresses for a polished professional look, or add a touch of refined style to more casual outfits like jeans and a sweater. Material: Synthetic Suede/Fabric Heel Height: Wedge Heel Feature: Metallic Bow Detail, Closed Toe, Loafer Style",shoes,wedge,heels,slip-on,platform,women,party | casual | formal | office,winter,false,Black,Black,onyx,onyx,neutral,Black | Black | Black | Black | Black | Black | Brown | Brown | Brown | Brown | Brown | Brown,trendy,151–Max Units | 2 Inch Heel | Footwear and Bags | Formal | Loafers | Wedge | Wedges | Winter 24/25 | women | Women Footwear | Women Formal | Women Wedges,7000,PKR,https://shopecs.com/products/111477012x,https://cdn.shopify.com/s/files/1/0582/7303/8492/files/DSC_1258_e3529f07-1a56-4587-a59d-ebc081b7ce49.jpg?v=1756710643
ECS,Oyster Shell Wedge Pumps,"Step into understated elegance with the Oyster Shell Wedge Pumps. These soft, off-white pumps feature a subtle textured upper and a distinctive metallic bar detail at the vamp, adding a touch of modern sophistication. The comfortable wedge heel provides subtle lift and all-day wearability. Style Tip: These versatile pumps are perfect for both professional and casual occasions. Pair them with tailored trousers, skirts, or dresses for a polished look, or dress them down with jeans for a more relaxed yet refined style. Their neutral color makes them a versatile addition to any wardrobe. Material: Textured Synthetic/Fabric Heel Height: Wedge Heel Feature: Metallic Bar Detail, Closed Toe",shoes,wedge,heels,slip-on,platform,women,party | casual | formal | office,winter,false,White,White,off white,off white,neutral,Cream | Cream | Cream | Cream | Cream | Cream | Pink | Pink | Pink | Pink | Pink | Pink,trendy,2 Inch Heel | Court Shoes | Court Shoes & Mules | Footwear and Bags | Formal | Less than 5K | MKD | Sale | Sale Court Shoes | Upto 30% | Wedge | Wedges | Winter 24/25 | women | Women Court Shoes | Women Footwear | Women Formal | Women Wedges,5000,PKR,https://shopecs.com/products/110650074x,https://cdn.shopify.com/s/files/1/0582/7303/8492/files/DSC_1253_d4b94862-dd50-4262-89a0-3dc07ae93c7b.jpg?v=1756710645
ECS,Oatmeal Chain Wedge Loafers,"Step into comfortable sophistication with the Oatmeal Chain Wedge Loafers. These neutral oatmeal-colored loafers feature a soft, suede-like upper and a distinctive chain detail across the vamp, adding a touch of understated elegance. The comfortable wedge heel provides subtle lift and all-day support. Style Tip: These versatile loafers are perfect for both professional and casual settings. Pair them with tailored trousers, skirts, or dresses for a polished look, or dress them down with jeans and a cozy sweater for a more relaxed yet refined style. Their neutral color makes them a versatile addition to any wardrobe. Material: Synthetic Suede/Fabric Heel Height: Wedge Heel Feature: Chain Detail, Closed Toe, Loafer Style",shoes,wedge,heels,slip-on,platform,women,party | casual | formal | office,winter,false,Multicolor,Multicolor,multicolor,multicolor,multicolor,Beige | Beige | Beige | Beige | Beige | Beige | Black | Black | Black | Black | Black | Black,trendy,2 Inch Heel | 51–150 Units | Footwear and Bags | Formal | Loafers | Wedge | Wedges | Winter 24/25 | women | Women Footwear | Women Formal | Women Wedges,7500,PKR,https://shopecs.com/products/111477016x,https://cdn.shopify.com/s/files/1/0582/7303/8492/files/DSC_0949_d8ff2a69-f200-4ae2-83d0-b1c73f1a6c28.jpg?v=1756710658
ECS,Versatile Moccasins,"Step into a legacy of comfort and style. This elegant wedge heel is a perfect blend of classic and contemporary design, offering both comfort and sophistication. The soft fabric upper and cushioned insole provide all-day comfort, while the stylish bow detail adds a touch of femininity. The versatile moccasins make it easy to pair with various outfits, from casual jeans to dresses. Additional Features: Soft fabric upper for breathability and comfort Cushioned insole for all-day support Stylish bow detail Versatile olive green &amp; black color for easy pairing Comfortable wedge heel for added height Styling Tips: Pair these wedges with your favorite pair of loose-fitting, ankle-length pants and a long, modest top.",shoes,moccasin,heels,slip-on,platform,women,party | casual,winter,false,Black,Black | Green,black,black | green,neutral,Black | Black | Black | Black | Black | Black | Green | Green | Green | Green | Green | Green,trendy,2 inch heel | 36 | 37 | 38 | 39 | 40 | 41 | 42 | Black | Casual | Comfy | DoubleVariant | Footwear and Bags | Green | MKD | Moccasin | Sale | Sale Court Shoes | Upto 40% | Wedge | Wedges | Winter 24/25 | Winter Comfort | women | Women Comfy | Women Footwear | Women Wedges,4500,PKR,https://shopecs.com/products/110766011x,https://cdn.shopify.com/s/files/1/0582/7303/8492/files/DSC_4187_585c1939-5838-4018-ac8f-6d52d91568ec.jpg?v=1756711508
ECS,Wedge Knot,"Designed for added height and comfort, this wedge moccasin brings subtle charm with its knotted front. Styling Tip: Wear with wide-leg trousers or a long shirt for a composed look. Material – Soft satin-textured finish Design – Low wedge heel with a knotted top band Style – Semi-formal comfort",shoes,wedge,heels,slip-on,platform,women,party | casual | formal | office,winter,false,Black,Black | Green,black,black | green,neutral,Black | Black | Black | Black | Black | Black | Green | Green | Green | Green | Green | Green,trendy,2 inch heel | 36 | 37 | 38 | 39 | 40 | 41 | 42 | Black | Casual | Comfy | Footwear and Bags | Green | MKD | Moccasin | Sale | Sale Court Shoes | SingleVariant | Upto 30% | Wedge | Wedges | Winter 24/25 | Winter Comfort | women | Women Casual | Women Comfy | Women Footwear | Women Wedges,5500,PKR,https://shopecs.com/products/110766010x,https://cdn.shopify.com/s/files/1/0582/7303/8492/files/DSC_4154_09e56b14-574e-411f-adbb-8475dfe0c0aa.jpg?v=1756711510
ECS,Glitter Bow Coat Shoes,"Sparkle in style with the Glitter Bow Coat Shoes, designed to bring a touch of magic to any outfit. Perfect for kids, these shoes are crafted from synthetic PU with a shimmering glittery finish that catches the light. The pointy toe shape adds a fun twist, while the charming bow detail completes the look. With a flat heel for easy wear, these coat shoes are ideal for parties and special occasions. Upper Material: Synthetic PU Lining Material: Synthetic PU Toe Shape: Pointy Heel Height: Flat Feature: Bow Finish: Glittery",shoes,wedge,heels,slip-on,flat,women,party | casual,winter,false,Gold,Gold | Grey,golden,golden | silver,earth,Golden | Golden | Golden | Silver | Silver | Silver,trendy,1 inch heel | 151–Max Units | 43 | 44 | 45 | Court shoes | Court Shoes & Mules | DoubleVariant | Footwear and Bags | Golden | Less than 5K | Partywear | Plus | Plus Sizes | Plus sizes view all | Silver | Wedges | Winter 24/25 | women | Women Court Shoes | Women Footwear | Women Partywear | Women Plus Sizes | Women Wedges,4800,PKR,https://shopecs.com/products/110692002x,https://cdn.shopify.com/s/files/1/0582/7303/8492/files/DSC_4216_53e45aa9-a174-48fb-a457-6af1078824a7.jpg?v=1756711526
ECS,Elegance Ease,"Introducing our ""Elegance Ease"" Women's Slippers, where comfort meets style effortlessly. Crafted with soft synthetic Pu upper and lining materials, these slippers offer luxurious comfort for every step. Designed with a classic round toe shape, they provide a timeless and versatile look suitable for any occasion. The matte finish adds a touch of understated elegance to your ensemble. Supported by a sturdy Pu sole, these slippers provide reliable traction and support for all-day wear. Upper Material: Synthetic Pu Lining Material: Synthetic Pu Toe Shape: Round Sole Material: Pu Finish: Matte",shoes,wedge,heels,slip-on,platform,women,party | casual,summer,false,Blue,Blue | Green,blue,blue | green,blue,Blue | Blue | Blue | Blue | Blue | Blue | Green | Green | Green | Green | Green | Green,trendy,151–Max Units | 3 Inch Heel | 36 | 37 | 38 | 39 | 40 | 41 | 42 | Blue | Comfort | Comfy | DoubleVariant | Footwear and Bags | Green | Slipper | Slippers | Slippers & Chappal | Summer | Summer Comfort | Wedge | Wedges | women | Women Comfy | Women Footwear | Women Slippers | Women Wedges,7000,PKR,https://shopecs.com/products/110282016x,https://cdn.shopify.com/s/files/1/0582/7303/8492/files/DSC_5546_0029a6b8-c297-4029-b4fc-5616b6c25815.jpg?v=1756713313
ECS,Soft Sole,"Introducing our ""SoftSole"" Women's Slippers, where comfort meets style seamlessly. Crafted with soft synthetic Pu upper and lining materials, these slippers offer a plush and cozy feel for every step. Designed with a classic round toe shape, they provide a timeless look suitable for any occasion. The matte finish adds a touch of understated elegance to your ensemble. Supported by a sturdy Pu sole, these slippers provide reliable traction and support for all-day wear. Upper Material: Synthetic Pu Lining Material: Synthetic Pu Toe Shape: Round Sole Material: Pu Finish: Matte",shoes,wedge,heels,slip-on,platform,women,party | casual,summer,false,Black,Black | Pink,black,black | pink,neutral,Black | Black | Black | Black | Black | Black | Pink | Pink | Pink | Pink | Pink | Pink,trendy,151–Max Units | 3 Inch Heel | 36 | 37 | 38 | 39 | 40 | 41 | 42 | Black | Comfort | Comfy | DoubleVariant | Footwear and Bags | Pink | Slipper | Slippers | Slippers & Chappal | Summer | Summer Comfort | Wedge | Wedges | women | Women Comfy | Women Footwear | Women Slippers | Women Wedges,7000,PKR,https://shopecs.com/products/110282015x,https://cdn.shopify.com/s/files/1/0582/7303/8492/files/DSC_5542_446c3b4e-3756-46e3-b6ce-d3a0a6a9456d.jpg?v=1756713317
ECS,Wedge Grace,"Soft wedge sandals with smooth straps and an adjustable buckle for a perfect fit. The design offers subtle elegance while ensuring comfort and height. Perfect for adding a gentle lift to your everyday outfits. Styling Tip: Wear with neutral-toned clothes for a balanced and modest look. Suitable for casual and formal wear. Material: Faux leather Design: Adjustable buckle strap with wedge heel Style: Elegant, simple, and comfortable",shoes,wedge,heels,buckle,platform,women,party | casual | formal | office,summer,false,Beige,Beige | Black,beige,beige | black,earth,Beige | Beige | Beige | Beige | Beige | Beige | Black | Black | Black | Black | Black | Black,trendy,2 Inch Heel | 36 | 37 | 38 | 39 | 40 | 41 | Beige | Black | chappal slippers sandals | Chappals + Slippers + Sandals + Khussa | Comfort | Comfy | DoubleVariant | Footwear and Bags | Sandal | Sandals | Slippers & Chappal | Summer | Summer Comfort | Wedge | Wedges | women | Women Comfy | Women Footwear | Women Sandals | Women Wedges,7500,PKR,https://shopecs.com/products/110388018x,https://cdn.shopify.com/s/files/1/0582/7303/8492/files/DSC_0663_fed15954-43eb-44ef-af9b-d636aa4e6e52.jpg?v=1756714670
ECS,T-Bar,"Crafted in a smooth metallic synthetic upper with a structured T-bar vamp panel and a slim toe post, this flat sandal features a gold-tone piped outsole edge, an adjustable ankle strap with a gold-tone buckle, a smooth synthetic footbed, and a slim rubber outsole for a clean, everyday finish. Styling Tip: Pair with straight-cut trousers and a structured clutch for a polished smart casual daytime look. Material: Smooth metallic synthetic upper, gold-tone piped outsole edge, smooth synthetic footbed, rubber outsole Design: Flat sandal with structured metallic T-bar vamp panel and adjustable gold-tone buckle ankle strap Style: Women's flat sandal for smart casual outings and everyday semi-formal wear #TBarSandal #MetallicFlats #SmartCasual",shoes,sandal,sandals,buckle,flat,women,casual | party | formal | office,summer,false,Gold,Gold,gold,gold,earth,Golden | Golden | Golden | Golden | Golden | Golden | Golden,trendy,Footwear and Bags | New Arrival | New Arrival Partywear | New Arrivals | New Arrivals Women Footwear | Summer | View all collection | Women Footwear | Women Partywear | Women Sandals,3200,PKR,https://shopecs.com/products/110438090x,https://cdn.shopify.com/s/files/1/0582/7303/8492/files/110438090XGD-GreyBackground-1.jpg?v=1779775252
ECS,Stone Ankle,"This open-toe flat sandal features a slim toe-post with a diagonal vamp strap meeting a slim ankle strap secured with a gold buckle closure. A marquise-shaped red stone cabochon in a gold bezel setting with rhinestone border detail sits at the strap junction as the centrepiece. A smooth faux leather footbed with a rounded toe profile and thin flat sole completes the construction for comfortable casual and semi-formal wear. Styling Tip: Pair with strappy flats-inspired separates and stud earrings for a neat, modest look at casual outings and semi-formal daytime gatherings. Material: Faux leather toe-post and ankle strap with gold buckle, marquise red stone cabochon in gold bezel with rhinestone border, smooth faux leather footbed, flat sole Design: Open-toe flat sandal with toe-post, diagonal vamp strap, ankle strap, and marquise stone centrepiece at strap junction Style: Women's flat sandal for casual outings, semi-formal daytime wear, and modest everyday styling #WomensFlatSandal #Ank",shoes,sandal,sandals,buckle,flat,women,casual | party | formal | office,summer,false,Gold,Gold | Red,gold,gold | red,earth,Maroon | Maroon | Maroon | Maroon | Maroon | Maroon | Maroon | Beige | Beige | Beige | Beige | Beige | Beige | Beige,trendy,Casual | New Arrivals Women Footwear | Summer | Women Casual | Women Footwear | Women Sandals,3600,PKR,https://shopecs.com/products/110400138x,https://cdn.shopify.com/s/files/1/0582/7303/8492/files/110400138X_MR-Grey_Background-1.jpg?v=1778744756
ECS,Pom Crystal,"A flat toe-post sandal featuring fully rhinestone-encrusted T-straps that create a continuous sparkle effect from toe to ankle, topped with a voluminous organza pom accent at the vamp junction. The dense crystal coverage across the slim straps contrasts elegantly with the soft, airy texture of the fabric pom detail above. A slim slingback strap with a gold-tone buckle fastening provides a secure, adjustable fit for comfortable all-day wear. The cushioned flat sole and lightweight construction ensure ease of movement throughout semi-formal occasions and festive gatherings. Styling Tip: Pair with modest semi-formal or occasion wear in a solid tone to let the crystal straps and organza pom serve as the defining detail. Material: Synthetic upper with fully rhinestone-encrusted straps and layered organza pom embellishment Design: Flat toe-post sandal with crystal T-strap construction and oversized fabric pom vamp accent Style: Embellished flat sandal suited for festive occasions, semi-forma",shoes,sandal,sandals,buckle,flat,women,casual | party | eid | formal | office,summer,false,Gold,Gold,gold,gold,earth,Pink | Pink | Pink | Pink | Pink | Pink | Pink | Off White | Off White | Off White | Off White | Off White | Off White | Off White,trendy,Floral Bloom | Footwear and Bags | New Arrival | New Arrival Partywear | New Arrivals | New Arrivals Women Footwear | Summer | View all collection | Women Footwear | Women Partywear | Women Sandals,4500,PKR,https://shopecs.com/products/110438089x,https://cdn.shopify.com/s/files/1/0582/7303/8492/files/110438089XPK-GreyBackground-1.jpg?v=1777536104
ECS,Bloom Thong,"Layered organza flower appliques with rhinestone and pearl cabochon centres sit at the T-bar junction of a slim metallic thong sandal, creating a delicate botanical focal point against the clean, minimal metallic upper. A slim ankle strap with a gold-tone buckle fastening and cushioned metallic footbed provide a secure, comfortable fit suited for semi-formal and festive modest styling. Styling Tip: Pair with modest semi-formal or traditional separates in a solid tone to let the organza floral T-bar accent serve as the refined focal detail. Material: Metallic faux leather upper with layered organza flower appliques, rhinestone and pearl cabochon centres at T-bar junction Design: Thong sandal with slim ankle strap, floral T-bar embellishment and gold-tone buckle fastening Style: Embellished casual sandal suited for semi-formal outings, festive occasions and relaxed modest styling #WomenSandal #FloralThong #OrganzeFlower #FestiveFootwear",shoes,sandal,sandals,buckle,unknown,women,casual | party | eid | formal | office,summer,false,White,White | Gold,pearl,pearl | gold,neutral,Black | Black | Black | Black | Black | Black | Black | Brown | Brown | Brown | Brown | Brown | Brown | Brown,trendy,Floral Bloom | Footwear and Bags | New Arrival | New Arrival Partywear | New Arrivals | New Arrivals Women Footwear | Summer | View all collection | Women Footwear | Women Partywear | Women Sandals,4800,PKR,https://shopecs.com/products/110438088x,https://cdn.shopify.com/s/files/1/0582/7303/8492/files/110438088XBL-GreyBackground-1.jpg?v=1777536103
ECS,Bloom Edge,"A flat T-strap sandal featuring a row of delicate fabric flowers centred with pearl bead clusters along the vamp, creating a soft, feminine accent on a lightweight shimmer base. The metallic-finish synthetic upper adds a subtle lustre to the overall design, making this sandal suitable for both casual and semi-formal occasions. A slim slingback strap with a gold-tone buckle fastening provides a secure, adjustable fit for comfortable all-day wear. The flat sole and cushioned footbed ensure ease of movement throughout casual outings and relaxed festive gatherings. Styling Tip: Pair with modest casual or semi-formal separates for a neat, composed look with a delicate decorative finish. Material: Shimmer synthetic upper with fabric floral appliques and pearl bead centre embellishment Design: Flat T-strap sandal with floral pearl vamp detail, toe-post construction and slim slingback strap Style: Casual embellished sandal suited for everyday wear, semi-formal outings and light festive occasio",shoes,sandal,sandals,buckle,flat,women,casual | party | eid | formal | office,summer,false,White,White | Gold,pearl,pearl | gold,neutral,Pink | Pink | Pink | Pink | Pink | Pink | Pink | Grey | Grey | Grey | Grey | Grey | Grey | Grey,trendy,Floral Bloom | Footwear and Bags | New Arrival | New Arrival Partywear | New Arrivals | New Arrivals Women Footwear | Summer | View all collection | Women Footwear | Women Partywear | Women Sandals,4500,PKR,https://shopecs.com/products/110438087x,https://cdn.shopify.com/s/files/1/0582/7303/8492/files/110438087XPK-GreyBackground-1.jpg?v=1777536102
ECS,Grid Stud,"Designed with a structured mesh grid upper scattered with micro-stud embellishments and metallic piped trim along the vamp and toe edge, this open-toe slingback flat sandal features an adjustable buckle ankle strap and a smooth synthetic footbed with a slim rubber outsole for a polished, semi-formal everyday finish. Styling Tip: Pair with straight-cut trousers and stud earrings for a neat, semi-formal daytime look. Material: Mesh grid upper with micro-stud embellishment, metallic piped trim, smooth synthetic footbed, rubber outsole Design: Open-toe flat slingback sandal with structured mesh grid upper, scattered and adjustable buckle ankle strap Style: Women's sandal for semi-formal outings and smart casual everyday wear #GridSandal #StudEmbellished #SlingbackFlat #SmartCasual",shoes,sandal,sandals,buckle,flat,women,casual | party | formal | office,all-season,false,Multicolor,Multicolor,multicolor,multicolor,multicolor,Peach | Peach | Peach | Peach | Peach | Peach | Peach,trendy,Footwear and Bags | New Arrival | New Arrival Partywear | New Arrivals | New Arrivals Women Footwear | Women Footwear | Women Partywear | Women Sandals,4500,PKR,https://shopecs.com/products/110331064x,https://cdn.shopify.com/s/files/1/0582/7303/8492/files/110331064XPH-GreyBackground-1.jpg?v=1779775248
ECS,Spiral Butterfly,"A dramatic spiral wrap strap coils up the leg in multiple loops, each adorned with a gold filigree butterfly motif set with rhinestone detailing, making this flat sandal a standout choice for festive and party occasions. Two slim rhinestone-encrusted toe straps densely set with gold crystals anchor the foot, while a smooth gold metallic cushioned footbed with a rounded toe profile and thin flat sole complete the construction. Styling Tip: Pair with a structured clutch and stud earrings for a polished, modest look at festive gatherings and dressy evening occasions. Material: Rhinestone-encrusted spiral wrap ankle strap with gold filigree butterfly motifs, two gold crystal toe straps, metallic gold cushioned footbed, flat sole Design: Flat sandal with spiral wrap rhinestone ankle strap, butterfly motif detailing, and dual rhinestone toe straps Style: Women's flat sandal for festive occasions, party events, and dressy evening outings #SpiralButterfly #GoldSandal #WomensFlatSandal #Partywe",shoes,sandal,sandals,buckle,flat,women,casual | party | eid,all-season,false,Gold,Gold,gold,gold,earth,Golden | Golden | Golden | Golden | Golden | Golden | Golden | Silver | Silver | Silver | Silver | Silver | Silver | Silver,trendy,Floral Bloom | Footwear and Bags | New Arrival | New Arrival Partywear | New Arrivals | New Arrivals Women Footwear | Women Footwear | Women Partywear | Women Sandals,4800,PKR,https://shopecs.com/products/110331066x,https://cdn.shopify.com/s/files/1/0582/7303/8492/files/110331066X_GD-Grey_Background-1.jpg?v=1778866953
ECS,Spiral  Wrap,"A flat open-toe sandal featuring a rhinestone-encrusted spiral wrap strap that coils continuously from the toe post up along the ankle and calf in a dramatic ascending formation, fully lined with densely packed micro pavé rhinestones throughout its entire length. Scattered along the spiral at intervals are dimensional rhinestone butterfly and leaf motifs set with faceted stones in a contrasting tonal arrangement, adding a botanical character to the sculptural wrap construction. A slim rhinestone-set vamp strap anchors the forefoot with two parallel crystal-lined bands that connect to the base of the spiral. Styling Tip: Pairs well with a formal gharara, embroidered festive ensemble, or a structured evening outfit for occasions that demand a striking and sculptural finish. Material: Rhinestone pavé spiral wrap strap with dimensional butterfly and leaf motifs, slim rhinestone vamp straps, cushioned patent finish insole, and flat outsole Design: Flat open-toe sandal with full-length rhine",shoes,sandal,sandals,buckle,flat,women,casual | party | eid | formal | office,winter,false,Multicolor,Multicolor,multicolor,multicolor,multicolor,Black | Black | Black | Black | Black | Black | Black | Peach | Peach | Peach | Peach | Peach | Peach | Peach,trendy,Floral Bloom | Footwear and Bags | New Arrival | New Arrival Partywear | New Arrivals | New Arrivals Women Footwear | Women Footwear | Women Partywear | Women Sandals,5000,PKR,https://shopecs.com/products/110331065x,https://cdn.shopify.com/s/files/1/0582/7303/8492/files/110331065XBL-GreyBackground-1_6a6d6da7-e24e-4921-994b-3c723767620d.jpg?v=1776670849
ECS,Woven Luxe,"A block heel sandal constructed entirely from intricately woven braided straps, giving the upper a rich textural quality that stands apart from conventional smooth-finish designs. The wide braided vamp strap sits across the forefoot while a slim braided ankle strap with a gold-tone buckle closure secures the fit at the heel. A metallic block heel grounds the design with a polished finish that complements the woven upper. The square open-toe silhouette adds a structured, contemporary feel to the overall look. Lightweight and well-cushioned underfoot, this sandal transitions comfortably from daytime events to festive evening occasions. Styling Tip: Pairs well with a flowy midi outfit, tailored wide-leg trousers, or a semi-formal kurta for a put-together festive look. Material: Braided faux leather upper with metallic block heel and cushioned insole Design: Wide woven vamp strap sandal with slim braided ankle strap, gold-tone buckle, and metallic block heel Style: Square open-toe ankle st",shoes,sandal,sandals,buckle,unknown,women,casual | party | eid | formal | office,all-season,false,Gold,Gold,gold,gold,earth,Black | Black | Black | Black | Black | Black | Golden | Golden | Golden | Golden | Golden | Golden,trendy,151–Max Units | New Arrival | New Arrival Formal | New Arrivals | New Arrivals Women Footwear | Women Footwear | Women Formal | Women Sandals,7000,PKR,https://shopecs.com/products/110328042x,https://cdn.shopify.com/s/files/1/0582/7303/8492/files/110328042XBL-GreyBackground-1.jpg?v=1776166297
ECS,Crystal Button,"Refined in its simplicity, this open-toe stiletto sandal features a slim smooth synthetic toe strap with a single round crystal button accent at the vamp, paired with a slim adjustable ankle strap with a silver-tone buckle, a smooth synthetic footbed, and a slender stiletto heel for a sleek, formal evening finish. Styling Tip: Pair with wide-leg formal trousers and a delicate bracelet for a polished evening or semi-formal gathering look. Material: Smooth synthetic toe and ankle straps with crystal button accent, silver-tone buckle, smooth synthetic footbed, stiletto heel Design: Open-toe stiletto sandal with slim toe strap, single crystal button vamp detail, and adjustable ankle strap Style: Women's sandal for formal occasions, evening gatherings, and semi-formal wear #StilettSandal #MinimalHeels #FormalSandal",shoes,heel,sandals,buckle,high,women,casual | party | formal | office,all-season,false,Grey,Grey,silver,silver,neutral,Black | Black | Black | Black | Black | Black,trendy,Footwear and Bags | New Arrival | New Arrival Partywear | New Arrivals | New Arrivals Women Footwear | Women Footwear | Women Heels | Women Partywear | Women Sandals,4300,PKR,https://shopecs.com/products/110355497x,https://cdn.shopify.com/s/files/1/0582/7303/8492/files/110355497XBL-GreyBackground-1.jpg?v=1779775248
ECS,Jewel Block,"Set on a fully crystal-encrusted block heel, this open-toe sandal features a clear PVC vamp strap adorned with large teardrop and round gemstone clusters in a chandelier arrangement, a slim metallic ankle strap with a gold-tone buckle, a smooth synthetic footbed, and a rubber outsole for a statement festive finish. Styling Tip: Wear with a formal chiffon suit and a delicate bracelet for a polished Eid or wedding gathering look. Material: Clear PVC vamp strap with gemstone embellishment, metallic ankle strap, synthetic footbed, rubber outsole Design: Open-toe block heel sandal with chandelier gemstone vamp and fully crystal-encrusted heel Style: Women's sandal for formal occasions and festive evening events #JewelSandal #CrystalBlockHeel #GemstoneHeels #FormalSandal",shoes,heel,sandals,buckle,unknown,women,casual | party | wedding | bridal | eid | formal | office,all-season,false,Gold,Gold,gold,gold,earth,Golden | Golden | Golden | Golden | Golden | Golden,trendy,Footwear and Bags | New Arrival | New Arrival Bridal | New Arrivals | New Arrivals Women Footwear | Women Bridals | Women Footwear | Women Heels | Women Sandals,9500,PKR,https://shopecs.com/products/110380100x,https://cdn.shopify.com/s/files/1/0582/7303/8492/files/110380100XGD-GreyBackground-1.jpg?v=1779447217
ECS,Organza Jewel,"A voluminous layered organza ruffle vamp strap scattered with square-cut rhinestone embellishments in gold bezel settings makes this 3-inch heel sandal a refined choice for bridal and festive occasions. A slim faux leather ankle strap with a gold buckle closure ensures a secure fit, while the smooth gold metallic cushioned footbed with a rounded toe profile and mid-height block heel provide comfortable support throughout the event. Styling Tip: Pair with a structured clutch and delicate stud earrings for a polished, modest bridal look at nikah ceremonies, walimas, and festive evening gatherings. Material: Layered organza ruffle vamp strap with square-cut rhinestone embellishments in gold bezel settings, slim faux leather ankle strap with gold buckle, metallic gold cushioned footbed, block heel Design: Open-toe heel sandal with voluminous organza ruffle vamp, rhinestone jewel detailing, ankle strap, and rounded toe profile Style: Women's bridal heel sandal for nikah, walima, festive occ",shoes,heel,sandals,buckle,unknown,women,casual | party | wedding | bridal | eid,all-season,false,Gold,Gold,gold,gold,earth,Golden | Golden | Golden | Golden | Golden | Golden,trendy,Footwear and Bags | New Arrival | New Arrival Bridal | New Arrivals | New Arrivals Women Footwear | Women Bridals | Women Footwear | Women Heels | Women Sandals,7500,PKR,https://shopecs.com/products/110376071x,https://cdn.shopify.com/s/files/1/0582/7303/8492/files/110376071X_GD-Grey_Background-1.jpg?v=1778866953
ECS,Braid Block,"This open-toe platform sandal features multiple interwoven faux leather vamp straps in a metallic finish, knotted at the centre front for a structured yet relaxed upper detail. A slim ankle strap with a gold-tone buckle closure ensures a secure and adjustable fit, while a cushioned metallic footbed provides comfort for extended wear. The chunky dark block heel with a matching platform sole adds height and stability suited for occasion and semi-formal styling. Styling Tip: Pair with pointed mules or strappy flats-inspired separates and stud earrings for a polished semi-formal look at festive gatherings and evening occasions. Material: Metallic faux leather interwoven vamp straps, slim ankle strap with gold buckle, cushioned metallic footbed, chunky block heel with platform sole Design: Open-toe platform silhouette with braided knotted vamp, ankle strap closure, and dark block heel Style: Women's block heel sandal for semi-formal events, festive occasions, and dressy evening outings #Blo",shoes,heel,sandals,buckle,flat,women,casual | party | eid | formal | office,all-season,false,Gold,Gold,gold,gold,earth,Golden | Golden | Golden | Golden | Golden | Golden,trendy,Footwear and Bags | New Arrival | New Arrival Casual | New Arrivals | New Arrivals Women Footwear | Women Casual | Women Footwear | Women Heels | Women Sandals,5800,PKR,https://shopecs.com/products/110325009x,https://cdn.shopify.com/s/files/1/0582/7303/8492/files/110325009X_GD-Grey_Background-1.jpg?v=1778744756
ECS,Mirror Cross,"A platform block heel ankle-strap sandal featuring multiple slim metallic cross straps across the open vamp, constructed from a high-shine mirror-finish faux leather that creates a bold, reflective focal point across the foot. The layered cross straps intersect at the centre of the vamp in a clean, structured arrangement that adds visual depth to the minimal open design. A matching mirror-finish platform base and broad block heel provide confident, stable elevation with a fully cohesive metallic finish throughout. Styling Tip : Pair with formal modest attire in a solid tone to let the mirror-finish cross-strap vamp serve as the statement detail of the look. Material: High-shine mirror-finish faux leather upper with slim cross vamp straps, matching platform base and block heel Design: Platform block heel ankle-strap sandal with layered metallic cross-strap vamp and gold-tone buckle fastening Style: Formal metallic sandal suited for festive occasions, celebrations and high-occasion modes",shoes,heel,sandals,buckle,platform,women,casual | party | eid | formal | office,all-season,false,Gold,Gold,gold,gold,earth,Golden | Golden | Golden | Golden | Golden | Golden | Silver | Silver | Silver | Silver | Silver | Silver,trendy,Footwear and Bags | New Arrival | New Arrival Partywear | New Arrivals | New Arrivals Women Footwear | Women Footwear | Women Heels | Women Partywear | Women Sandals,5300,PKR,https://shopecs.com/products/110365112x,https://cdn.shopify.com/s/files/1/0582/7303/8492/files/110365112X_GD-Grey_Background-1.jpg?v=1778650345
ECS,Petal Block,"A platform block heel ankle-strap sandal featuring a single toe strap adorned with a cluster of layered organza flower appliques, set with scattered rhinestone and pearl cabochon accents that add a delicate, bridal-inspired embellishment to the vamp. The voluminous floral cluster sits at the centre of the toe strap, creating a soft, dimensional focal point against the clean minimal upper. A sturdy platform base and broad block heel provide confident, stable elevation suited for extended formal occasion wear. A slim ankle strap with a gold-tone buckle fastening ensures a secure, adjustable fit throughout festive gatherings and celebrations. Styling Tip: Pair with formal modest attire in a solid tone to let the organza floral cluster serve as the refined centrepiece of the look. Material: Smooth faux leather upper with layered organza flower appliques, rhinestone and pearl cabochon accents on toe strap Design: Platform block heel ankle-strap sandal with floral cluster vamp embellishment",shoes,heel,sandals,buckle,platform,women,casual | party | wedding | bridal | eid | formal | office,all-season,false,White,White | Gold,pearl,pearl | gold,neutral,Fawn | Fawn | Fawn | Fawn | Fawn | Fawn | Beige | Beige | Beige | Beige | Beige | Beige,trendy,Footwear and Bags | New Arrival | New Arrival Partywear | New Arrivals | New Arrivals Women Footwear | Women Footwear | Women Heels | Women Partywear | Women Sandals,7500,PKR,https://shopecs.com/products/110365111x,https://cdn.shopify.com/s/files/1/0582/7303/8492/files/110365111X_FN-1.jpg?v=1778650469
ECS,Braid Spark,"A block heel slingback sandal featuring two rhinestone-encrusted braided rope straps crossing diagonally across the vamp in an open, airy construction that creates a refined festive focal point. The tightly braided rhinestone straps intersect at the centre of the foot, forming a clean X-cross pattern that adds structured elegance to the minimal open design. A metallic-finish faux leather upper, square-toe footbed and sturdy block heel provide confident elevation with stable, comfortable wear suited for extended formal occasion use. A slim ankle strap with a gold-tone buckle fastening ensures a secure, adjustable fit throughout festive gatherings and celebrations. Styling Tip: Pair with formal modest attire in a solid tone to let the rhinestone braided cross straps serve as the centrepiece of the look. Material: Metallic-finish faux leather upper with rhinestone-encrusted braided rope vamp straps and gold-tone buckle ankle strap Design: Open-toe block heel slingback sandal with diagonal",shoes,sandal,sandals,buckle,unknown,women,casual | party | eid | formal | office,all-season,false,Gold,Gold,gold,gold,earth,Golden | Golden | Golden,trendy,Footwear and Bags | New Arrival | New Arrival Partywear | New Arrivals | New Arrivals Women Footwear | Plus sizes view all | Women Footwear | Women Partywear | Women Plus Sizes | Women Sandals,5000,PKR,https://shopecs.com/products/110394629x,https://cdn.shopify.com/s/files/1/0582/7303/8492/files/110394629X_GD-1.jpg?v=1778235600
ECS,Twist Glam,"A stiletto slingback sandal featuring multiple rhinestone-encrusted twisted rope straps across the vamp, creating a layered, braided effect that serves as the defining centrepiece of this formal occasion design. A scalloped rhinestone trim edge at the toe box adds a refined finishing detail that frames the embellished vamp with structured elegance. A metallic-finish platform base and slender chrome stiletto heel provide confident elevation with a polished, high-occasion silhouette. A slim slingback strap with a gold-tone buckle fastening ensures a secure, adjustable fit throughout festive gatherings and formal events. Styling Tip: Pair with formal modest attire in a solid tone to let the rhinestone twisted vamp straps serve as the statement detail of the look. Material: Rhinestone-encrusted twisted rope vamp straps with scalloped rhinestone trim edge and metallic-finish platform base Design: Open-toe stiletto slingback sandal with layered braided rhinestone vamp, scalloped toe trim and",shoes,heel,sandals,buckle,platform,women,casual | party | wedding | bridal | eid | formal | office,all-season,false,Gold,Gold,gold,gold,earth,Golden | Golden | Golden | Golden | Golden | Golden,trendy,Footwear and Bags | New Arrival | New Arrival Bridal | New Arrivals | New Arrivals Women Footwear | Women Bridals | Women Footwear | Women Heels | Women Sandals,6500,PKR,https://shopecs.com/products/110376070x,https://cdn.shopify.com/s/files/1/0582/7303/8492/files/110376070X_GD-1.jpg?v=1778235586
ECS,Medallion Trio,"Featuring a slim T-strap vamp with three stacked gold-tone spiral medallions in a textured wire finish arranged vertically along the toe post, this flat sandal includes a smooth synthetic footbed, a slim adjustable ankle strap with a gold-tone buckle, and a slim rubber outsole for a clean, statement everyday finish. Styling Tip: Pair with wide-leg trousers and stud earrings for a polished smart casual daytime look. Material: Smooth synthetic straps with gold-tone spiral medallion accents, smooth synthetic footbed, rubber outsole Design: Flat toe-post sandal with slim T-strap and three stacked gold spiral medallions along the vamp, adjustable gold-tone buckle ankle strap Style: Women's flat sandal for smart casual outings and everyday semi-formal wear #MedallionSandal #TStrapFlat #GoldMedallion #SmartCasual",shoes,sandal,other,buckle,flat,women,casual | party | formal | office,all-season,false,Gold,Gold,gold,gold,earth,Brown | Brown | Brown | Brown | Brown | Brown,trendy,Footwear and Bags | New Arrival | New Arrival Casual | New Arrivals | New Arrivals Women Footwear | View all collection | Women Casual | Women Footwear | Women Sandals,3400,PKR,https://shopecs.com/products/110400134x,https://cdn.shopify.com/s/files/1/0582/7303/8492/files/110400134X_BR-Grey_Background-1.jpg?v=1781779674
ECS,Cross Cutout,"Structured with two wide crossover synthetic straps at the vamp with a curved cutout detail beneath, this open-toe block heel slingback sandal features a smooth synthetic footbed with a cushioned lining, a slim adjustable ankle strap with a gold-tone buckle, and a structured block heel with a slim rubber outsole for a clean, formal everyday finish. Styling Tip: Pair with wide-leg formal trousers and pointed stud earrings for a polished semi-formal office or evening look. Material: Smooth synthetic crossover straps with cutout detail, cushioned synthetic footbed, rubber outsole, block heel Design: Open-toe block heel slingback sandal with wide crossover vamp straps, curved cutout detail, and adjustable gold-tone buckle ankle strap Style: Women's formal sandal for office wear, semi-formal outings, and evening gatherings #CrossoverSandal #BlockHeel #CutoutSandal #FormalHeels",shoes,sandal,athletic,buckle,unknown,women,sports | formal | office | party,all-season,false,Gold,Gold,gold,gold,earth,Cream | Cream | Cream | Cream | Cream | Cream,western,Footwear and Bags | New Arrival | New Arrival Formal | New Arrivals | New Arrivals Women Footwear | Women Footwear | Women Formal | Women Sandals,4000,PKR,https://shopecs.com/products/110329061x,https://cdn.shopify.com/s/files/1/0582/7303/8492/files/110329061X_CR-Grey_Background-1.jpg?v=1781779674
ECS,Crystal Strand,"Featuring a wide open-toe vamp strap constructed from multiple diagonal mesh bands each edged with a continuous row of micro-crystal chain trim, crossing and layering across the foot in a structured multi-strand arrangement, this flat slipper sits on a smooth metallic synthetic footbed and a slim rubber outsole for a glamorous, festive party finish. Styling Tip: Wear with a formal chiffon suit and a delicate bracelet for a polished Eid or wedding gathering look. Material: Mesh bands with continuous micro-crystal chain trim, smooth metallic synthetic footbed, rubber outsole Design: Open-toe flat slipper with wide multi-strand diagonal mesh vamp fully edged in micro-crystal chain detail Style: Women's party wear slipper for festive occasions, Eid gatherings, and wedding events #CrystalStrand #PartyWearSlipper #CrystalChain #FestiveFlats",shoes,flip-flop,other,buckle,flat,women,casual | party | wedding | bridal | eid | formal | office,all-season,false,Multicolor,Multicolor,multi,multi,multicolor,Golden | Golden | Golden | Golden | Golden | Golden | Golden | Silver | Silver | Silver | Silver | Silver | Silver | Silver,trendy,Footwear and Bags | New Arrival | New Arrival Partywear | New Arrivals | New Arrivals Women Footwear | Slippers & Chappal | View all collection | Women Footwear | Women Partywear | Women Slippers,3200,PKR,https://shopecs.com/products/110228320x,https://cdn.shopify.com/s/files/1/0582/7303/8492/files/110228320X_GD-Grey_Background-1.jpg?v=1781779673
ECS,Ruched Knot,"Featuring a wide open-toe vamp strap constructed from multiple gathered synthetic strips ruched and twisted into a structured knot accent at the side with tassel-end ties, this flat slipper sits on a smooth synthetic footbed with a slim rubber outsole for a clean, textured casual everyday finish. Styling Tip: Pair with straight-cut trousers and stud earrings for a neat, smart casual daytime look. Material: Multi-strip ruched synthetic upper with knotted tassel accent, smooth synthetic footbed, rubber outsole Design: Open-toe flat slipper with wide ruched multi-strand vamp strap gathered into a structured side knot with tassel-end detail Style: Women's casual flat slipper for everyday outings and smart casual wear #RuchedSlipper #KnotDetail #CasualFlats #EverydaySlipper",shoes,flip-flop,other,buckle,flat,women,casual | party,all-season,false,Multicolor,Multicolor,multi,multi,multicolor,Fawn | Fawn | Fawn | Fawn | Fawn | Fawn | Fawn,trendy,Footwear and Bags | New Arrival | New Arrival Casual | New Arrivals | New Arrivals Women Footwear | Slippers & Chappal | View all collection | Women Casual | Women Footwear | Women Slippers,2800,PKR,https://shopecs.com/products/110200999x,https://cdn.shopify.com/s/files/1/0582/7303/8492/files/110200999X_FN-Grey_Background-1.jpg?v=1781779674
ECS,Shield Flat,"A single wraparound shield lens spans the full width of the face on these flat-top women's aviator sunglasses, with a slim metal top bar running edge to edge and a small centre nose bridge detail. The frameless lower edge gives the lens a clean, uninterrupted silhouette, while slim straight metal temples with soft rubber tip ends ensure a lightweight and comfortable fit. Suited for outdoor, casual, and smart-casual everyday wear. Styling Tip: Style with a casual kurta or smart-casual outfit, add a structured tote for a sharp, confident everyday look. Material: Single wraparound shield lens with slim metal top bar, centre nose bridge and straight metal temples with rubber tip ends. Design: Flat-top shield women's aviator sunglasses with full-width single lens, frameless lower edge and slim metal frame construction. Style: Women's aviator sunglasses suited for outdoor use, casual outings, and smart-casual everyday wear. #WomensSunglasses #AviatorSunglasses #ShieldSunglasses #CasualEyewea",shoes,sneaker,athletic,slip-on,flat,women,sports | casual,all-season,false,Multicolor,Multicolor,multicolor,multicolor,multicolor,Black | Silver,western,Accessories | Accessories Glasses,2200,PKR,https://shopecs.com/products/513300134x,https://cdn.shopify.com/s/files/1/0582/7303/8492/files/513300134X_BL-Grey_Background-1.jpg?v=1781689691
ECS,Twist Block,"A wide braided faux leather toe strap sits across the vamp of this square open-toe block heel sandal, paired with a slim smooth ankle strap secured by a gold pin buckle at the side. The contrast between the textured woven vamp strap and the clean ankle strap gives this sandal a refined, smart-casual character. A cushioned footbed and structured flared block heel outsole provide comfortable, stable elevated wear suited for daywear and semi-formal occasions. Styling Tip: Style with wide-leg linen trousers and a fitted kurta, add small gold hoop earrings and a structured tote for a composed, smart-casual daytime look. Material: Braided faux leather toe strap with smooth ankle strap, gold pin buckle, cushioned footbed and structured flared block heel outsole. Design: Square open-toe block heel sandal with wide braided vamp strap and slim ankle strap buckle closure. Style: Smart-casual heel sandal suited for daywear, office outings, and semi-formal occasion dressing. #BraidedSandal #BlockHe",shoes,sandal,other,buckle,unknown,women,casual | party | formal | office,all-season,false,Gold,Gold,gold,gold,earth,Fawn | Fawn | Fawn | Fawn | Fawn | Fawn,trendy,Footwear and Bags | New Arrival | New Arrival Formal | New Arrivals | New Arrivals Women Footwear | Women Footwear | Women Formal | Women Sandals,4000,PKR,https://shopecs.com/products/110329066x,https://cdn.shopify.com/s/files/1/0582/7303/8492/files/110329066X_FN-GreyBackground-1.jpg?v=1781094535
ECS,Patent Wrap,"A slim patent faux leather toe strap sits across the vamp with a small branded monogram plaque at the centre, paired with a double wrap ankle strap that crosses and loops around the ankle before securing with a gold pin buckle at the side. The open-toe silhouette sits on a sculptural flared heel with a square base, providing a stable and refined elevated wear suited for semi-formal and formal occasions. Styling Tip: Style with a formal embroidered suit, drop earrings, and a sleek clutch for a polished, occasion-ready look. Material: Patent faux leather toe and double wrap ankle straps, branded monogram plaque, gold pin buckle and sculptural flared heel outsole. Design: Square open-toe heel sandal with slim vamp strap, double wrap ankle strap and flared sculptural heel. Style: Semi-formal to formal heel sandal suited for evening events, wedding functions, and occasion dressing. #PatentSandal #WrapAnkleSandal #FormalFootwear",shoes,sandal,other,buckle,unknown,women,casual | party | wedding | bridal | formal | office,all-season,false,Gold,Gold,gold,gold,earth,Maroon | Maroon | Maroon | Maroon | Maroon | Maroon,trendy,Footwear and Bags | New Arrival | New Arrival Formal | New Arrivals | New Arrivals Women Footwear | Women Footwear | Women Formal | Women Sandals,4000,PKR,https://shopecs.com/products/110329062x,https://cdn.shopify.com/s/files/1/0582/7303/8492/files/110329062X_MR-GreyBackground-1.jpg?v=1781094463
ECS,Link Sling,"A smooth faux leather T-bar strap runs from the toe to the ankle on this square open-toe block heel sandal, with a slim slingback ankle strap secured by a gold pin buckle at the side. A small gold-tone link charm sits at the T-bar vamp junction, adding a minimal hardware detail to the clean silhouette. A cushioned footbed and structured block heel outsole provide comfortable, stable elevated wear suited for smart-casual and semi-formal occasions. Styling Tip: Style with tailored wide-leg trousers and a fitted kurta, add small gold stud earrings and a structured tote for a sharp, office-ready look. Material: Smooth faux leather T-bar and slingback straps, gold pin buckle and gold link charm hardware, cushioned footbed and structured block heel outsole. Design: Square open-toe block heel sandal with T-bar strap, gold charm vamp detail and slingback ankle strap buckle closure. Style: Smart-casual to semi-formal heel sandal suited for office wear, daytime outings, and occasion dressing. #W",shoes,sandal,other,buckle,unknown,women,casual | party | formal | office,all-season,false,Gold,Gold,gold,gold,earth,Fawn | Fawn | Fawn | Fawn | Fawn | Fawn,trendy,Footwear and Bags | New Arrival | New Arrival Formal | New Arrivals | New Arrivals Women Footwear | Women Footwear | Women Formal | Women Sandals,4000,PKR,https://shopecs.com/products/110328043x,https://cdn.shopify.com/s/files/1/0582/7303/8492/files/110328043X_FN-GreyBackground-1.jpg?v=1781094495
ECS,Slim Cross,"Three slim metallic cord straps cross diagonally across the vamp of this square open-toe flat sandal, paired with a slim faux leather ankle strap secured by a small silver pin buckle. The minimal multi-strap construction sits on a smooth cushioned footbed with a flat rubber outsole, providing lightweight and comfortable all-day wear suited for casual and smart-casual outings. Styling Tip: Style with a casual printed kurta, straight trousers, small hoop earrings, and a structured tote for a clean, everyday look. Material: Slim metallic cord vamp straps with faux leather ankle strap, silver pin buckle, smooth cushioned footbed and flat rubber outsole. Design: Square open-toe flat sandal with three diagonal metallic cord straps and slim ankle strap buckle closure. Style: Casual to smart-casual sandal suited for daywear, everyday outings, and relaxed occasion dressing. #SlimStrapSandal #CrossStrapSandal #CasualFootwear",shoes,sandal,athletic,buckle,flat,women,sports,all-season,false,Grey,Grey,silver,silver,neutral,Black | Black | Black | Black | Black | Black | Black | Golden | Golden | Golden | Golden | Golden | Golden | Golden,western,Footwear and Bags | New Arrival | New Arrival Casual | New Arrivals | New Arrivals Women Footwear | Women Casual | Women Footwear | Women Sandals,2400,PKR,https://shopecs.com/products/110300212x,https://cdn.shopify.com/s/files/1/0582/7303/8492/files/110300212X_BL-GreyBackground-1.jpg?v=1781094614
ECS,Patent Grid,"Multiple slim patent faux leather straps cross and interweave at the vamp in a grid-like open lattice arrangement on this square open-toe slip-on slipper. A central woven knot detail sits at the vamp junction where the straps intersect, adding a structured focal point to the multi-strap construction. A smooth cushioned footbed and flat rubber outsole provide comfortable all-day wear suited for smart-casual and everyday outings. Styling Tip: Style with a straight-cut kurta, tailored trousers, small hoop earrings, and a structured tote for a neat, composed everyday look. Material: Slim patent faux leather multi-straps with woven knot detail at vamp, smooth cushioned footbed and flat rubber outsole. Design: Square open-toe slip-on slipper with interwoven patent lattice straps and central knot at vamp junction. Style: Smart-casual slipper suited for daywear, everyday outings, and relaxed occasion dressing. #PatentSlipper #WovenStrapSlipper #SmartCasualFootwear",shoes,flip-flop,other,buckle,flat,women,casual | party,all-season,false,Multicolor,Multicolor,multi,multi,multicolor,Maroon | Maroon | Maroon | Maroon | Maroon | Maroon | Maroon,trendy,Footwear and Bags | New Arrival | New Arrival Casual | New Arrivals | New Arrivals Women Footwear | Slippers & Chappal | View all collection | Women Casual | Women Footwear | Women Slippers,2200,PKR,https://shopecs.com/products/110200953x,https://cdn.shopify.com/s/files/1/0582/7303/8492/files/110200953X_MR-GreyBackground-1.jpg?v=1781094674
ECS,Pearl T-Bar,"A T-bar thong sandal with a wide embellished vamp panel densely set with round pearl beads and rhinestone flower clusters along a silver chain border edge. The T-strap construction sits on a smooth faux leather footbed with a flat rubber outsole, while an adjustable ankle strap with a silver pin buckle secures the fit. Suited for semi-formal and festive daywear occasions. Styling Tip: Style with a solid embroidered kurta, straight trousers, pearl stud earrings, and a compact clutch for a neat, festive daytime look. Material: Faux leather T-bar straps with pearl bead and rhinestone flower embellishment, silver chain border, silver pin buckle ankle strap and flat rubber outsole. Design: Flat T-bar thong sandal with wide embellished vamp panel and adjustable ankle strap buckle closure. Style: Festive flat sandal suited for semi-formal gatherings, daywear outings, and occasion dressing. #WomensSandal #PearlSandal #TbarSandal #FestiveFootwear",shoes,sandal,athletic,buckle,flat,women,sports | eid | formal | office | party,summer,false,White,White | Grey,pearl,pearl | silver,neutral,White | White | White | White | White | White | White,western,Footwear and Bags | New Arrival | New Arrival Partywear | New Arrivals | New Arrivals Women Footwear | Summer | View all collection | Women Footwear | Women Partywear | Women Sandals,3200,PKR,https://shopecs.com/products/110438091x,https://cdn.shopify.com/s/files/1/0582/7303/8492/files/110438091X_WH-Grey_Background-1.jpg?v=1780915579
ECS,Metallic Curve,"A slim metallic faux leather toe-post strap meets a curved vamp strap that wraps across the foot, both connected to a slim ankle strap with a gold pin buckle closure on this flat sandal. The minimal two-strap construction sits on a contoured cushioned footbed with a flat rubber outsole, providing comfortable all-day wear suited for casual and smart-casual outings. Styling Tip: Style with a casual printed kurta and straight trousers, add small hoop earrings and a structured tote for a clean, everyday look. Material: Metallic faux leather toe-post and vamp straps, gold pin buckle ankle strap, contoured cushioned footbed and flat rubber outsole. Design: Flat sandal with slim metallic toe-post, curved vamp strap and adjustable ankle strap buckle closure. Style: Casual to smart-casual sandal suited for daywear, everyday outings, and relaxed occasion dressing. #WomensSandal #MetallicSandal #CasualFootwear",shoes,sandal,other,buckle,flat,women,casual | party,all-season,false,Gold,Gold,gold,gold,earth,Peach | Peach | Peach | Peach | Peach | Peach | Peach,trendy,Footwear and Bags | New Arrival | New Arrival Casual | New Arrivals | New Arrivals Women Footwear | View all collection | Women Casual | Women Footwear | Women Sandals,2400,PKR,https://shopecs.com/products/110400137x,https://cdn.shopify.com/s/files/1/0582/7303/8492/files/110400137X_PH-Grey_Background-1.jpg?v=1780915579
ECS,Bloom Cross,"Two cross straps in suede faux leather are worked with a trailing floral embroidery motif featuring sequin petals, seed bead centres, and metallic thread leaf branches across the full vamp. An adjustable ankle strap with a gold pin buckle secures the fit, while the square open-toe silhouette and flat rubber outsole provide comfortable all-day wear. Suited for semi-formal and festive daywear occasions. Styling Tip: Style with a solid embroidered kurta, straight trousers, small hoop earrings, and a structured tote for a neat, put-together festive daytime look. Material: Suede faux leather cross straps with sequin, seed bead and metallic thread floral embroidery, gold pin buckle ankle strap and flat rubber outsole. Design: Square open-toe flat sandal with embroidered cross straps and adjustable ankle strap buckle closure. Style: Festive sandal suited for semi-formal gatherings, daywear outings, and occasion dressing. #EmbroideredSandal #CrossStrapSandal #FestiveFootwear",shoes,flip-flop,athletic,buckle,flat,women,sports | eid | formal | office,all-season,false,Gold,Gold,gold,gold,earth,Black | Black | Black | Black | Black | Black | Black,western,Ethnic Chappal Slipper | Flat | Footwear and Bags | New Arrival | New Arrivals | New Arrivals Women Footwear | Sandal | Slippers & Chappal | View all collection | Women Ethnic | Women Footwear | Women Sandals,4000,PKR,https://shopecs.com/products/110390019x,https://cdn.shopify.com/s/files/1/0582/7303/8492/files/110390019X_BL-Grey_Background-1.jpg?v=1780915579
ECS,Chain Knot,"A large sculptural rhinestone-set chain knot sits at the centre of a wide transparent PVC vamp strap on this square open-toe slip-on slipper. The interlocked loop knot is densely covered in iridescent rhinestones, creating a bold statement accent against the clear base. A smooth satin footbed and flat rubber outsole provide comfortable, lightweight wear suited for semi-formal and festive occasions. Styling Tip: Style with a formal embroidered suit and accessorise with crystal drop earrings and a metallic clutch for a polished, occasion-ready look. Material: Transparent PVC vamp strap with sculptural rhinestone-set chain knot accent, smooth satin footbed and flat rubber outsole. Design: Square open-toe slip-on slipper with wide clear PVC strap and large iridescent rhinestone chain knot at vamp centre. Style: Festive slipper suited for semi-formal gatherings, evening events, and occasion dressing. #ChainKnotSlipper #RhinestoneSlipper #FestiveFootwear",shoes,flip-flop,other,buckle,flat,women,casual | party | eid | formal | office,all-season,false,Multicolor,Multicolor,multicolor,multicolor,multicolor,Off White | Off White | Off White,trendy,Footwear and Bags | New Arrival | New Arrival Partywear | New Arrivals | New Arrivals Women Footwear | Slippers & Chappal | View all collection | Women Footwear | Women Partywear | Women Slippers,4500,PKR,https://shopecs.com/products/110292023x,https://cdn.shopify.com/s/files/1/0582/7303/8492/files/110292023X_OFWT-Grey_Background-1.jpg?v=1780915578
ECS,Jewel Grid,"A wide satin vamp strap is fully covered with a grid of square-cut faceted stones framed in metallic mounts, interspersed with small floral rhinestone clusters across the full width. The structured embellishment panel sits on a low block heel with a square open toe, giving this slipper a formal, polished finish. A smooth cushioned footbed and structured outsole provide comfortable wear for evening and occasion dressing. Styling Tip: Wear with a formal embroidered suit and accessorise with stone-set drop earrings and a sleek clutch for a sharp, occasion-ready look. Material: Satin vamp strap with square-cut faceted stone grid and floral rhinestone cluster embellishment, cushioned footbed and low block heel outsole. Design: Square open-toe slipper with full-width jewel grid panel on low block heel. Style: Formal slipper suited for evening events, wedding functions, and occasion dressing. #WomensSlipper #JewelEmbellished #BlockHeelSlipper #FormalFootwear",shoes,flip-flop,other,buckle,unknown,women,casual | party | wedding | bridal | formal | office,summer,false,Multicolor,Multicolor,multicolor,multicolor,multicolor,Black | Black | Black | Black | Black | Black | Black,trendy,Footwear and Bags | New Arrival | New Arrival Partywear | New Arrivals | New Arrivals Women Footwear | Slippers & Chappal | View all collection | Women Footwear | Women Partywear | Women Slippers,5300,PKR,https://shopecs.com/products/110238134x,https://cdn.shopify.com/s/files/1/0582/7303/8492/files/110238134X_BL-Grey_Background-1.jpg?v=1780915572
ECS,Plume Eye,"Centred on the toe cap with a detailed feather eye motif worked in multicolor thread, seed beads, bugle beads, and rhinestone detailing, this khussa delivers a bold handcrafted statement suited for festive occasions. Radiating bead strands fan outward from the central motif across the full vamp, creating a layered, textured finish. A suede upper with metallic piping trim and cushioned insole ensure comfortable wear throughout the day. Styling Tip: Wear with a solid embroidered suit and accessorise with drop earrings and a beaded clutch for a striking traditional look. Material: Suede upper with multicolor thread, seed bead, bugle bead and rhinestone embellishment, metallic piping trim, cushioned insole and rubber outsole. Design: Round-toe khussa with feather eye centrepiece and radiating bead strands across the full toe cap. Style: Festive khussa suited for wedding functions, formal gatherings, and traditional occasion dressing. #FeatherMotifKhussa #TraditionalFootwear #FestiveKhussa",shoes,khussa,khussa,slip-on,unknown,women,eid | wedding | mehndi | bridal | formal | office,all-season,false,Multicolor,Multicolor,multicolor,multicolor,multicolor,Black | Black | Black | Black | Black | Black | Black,traditional,New Arrival | New Arrivals | New Arrivals Women Footwear | Women Ethnic | Women Khussa,3600,PKR,https://shopecs.com/products/110800580x,https://cdn.shopify.com/s/files/1/0582/7303/8492/files/110800580X_BL-Grey_Background-1.jpg?v=1780661553
ECS,Fringe Bead,"A dense fringe of metallic round beads, rhinestone chain strands, and faceted drop crystals cascades across the full toe cap of this khussa, creating a layered, statement embellishment with a handcrafted festive finish. The beaded fringe hangs freely from a rhinestone base row, adding movement and texture to the pointed-toe silhouette. A smooth faux leather upper and cushioned insole provide comfortable wear throughout the day. Styling Tip: Wear with a formal embroidered suit and accessorise with chandelier earrings and a beaded clutch for a rich, occasion-ready look. Material: Faux leather upper with metallic bead fringe, rhinestone chain strands and faceted drop crystal embellishment, cushioned insole and rubber outsole. Design: Pointed-toe khussa with full-width cascading bead and crystal fringe across the toe cap. Style: Festive khussa suited for wedding functions, formal gatherings, and traditional occasion dressing. #FringeEmbellished #TraditionalFootwear #FestiveKhussa",shoes,khussa,khussa,slip-on,unknown,women,eid | wedding | mehndi | bridal | formal | office,all-season,false,Multicolor,Multicolor,multicolor,multicolor,multicolor,Black | Black | Black | Black | Black | Black | Black,traditional,New Arrival | New Arrivals | New Arrivals Women Footwear | Women Ethnic | Women Khussa,3600,PKR,https://shopecs.com/products/110800556x,https://cdn.shopify.com/s/files/1/0582/7303/8492/files/110800556X_BL-Grey_Background-1.jpg?v=1780661553
ECS,Star Bloom,"Covered in dense metallic thread-work with a starburst centrepiece, scattered floral motifs, and seed bead detailing across the toe cap, this khussa delivers a refined handcrafted finish suited for formal and festive occasions. The embroidery radiates outward from a central star motif with trailing floral sprigs and bead accents across the full vamp. A velvet upper with contrast piping collar and cushioned insole ensures a comfortable fit throughout the day. Styling Tip: Wear with a formal embroidered suit and accessorise with stone-set earrings and a structured clutch for a complete occasion look. Material: Velvet upper with metallic thread-work embroidery, seed bead detailing, cushioned insole and rubber outsole. Design: Pointed-toe khussa with starburst centrepiece, scattered floral motifs and bead accents across the vamp. Style: Festive khussa suited for wedding functions, formal gatherings, and traditional occasion dressing. #StarEmbroidered #TraditionalFootwear #FestiveKhussa",shoes,khussa,khussa,slip-on,unknown,women,eid | wedding | mehndi | bridal | formal | office,all-season,false,Multicolor,Multicolor,multicolor,multicolor,multicolor,Black | Black | Black | Black | Black | Black | Black,traditional,New Arrival | New Arrivals | New Arrivals Women Footwear | Women Ethnic | Women Khussa,3600,PKR,https://shopecs.com/products/110800573x,https://cdn.shopify.com/s/files/1/0582/7303/8492/files/110800573X_BL-Grey_Background-1.jpg?v=1780574462
ECS,Leaf Bead,"Detailed with multicolor thread-work leaf motifs, bugle beads, and metallic chain accents across the toe cap, this khussa brings a handcrafted festive quality to traditional footwear. The layered leaf clusters are arranged in a branching pattern with contrasting thread fills and scattered bead detailing. A textured suede upper with contrast piping collar and cushioned insole ensures comfortable wear throughout the day. Styling Tip: Style with an embroidered cotton suit, accessorise with drop earrings and a beaded clutch for a polished traditional look. Material: Textured suede upper with multicolour thread-work embroidery, bugle beads, metallic chain detailing, cushioned insole and rubber outsole. Design: Pointed-toe khussa with branching leaf motif embroidery and scattered bead detailing across the vamp. Style: Festive khussa suited for wedding functions, formal gatherings, and traditional occasion dressing. #LeafEmbroidered #TraditionalFootwear #FestiveKhussa",shoes,khussa,khussa,slip-on,unknown,women,eid | wedding | mehndi | bridal | formal | office,all-season,false,Multicolor,Multicolor,multicolor,multicolor,multicolor,Green | Green | Green | Green | Green | Green | Green,traditional,New Arrival | New Arrivals | New Arrivals Women Footwear | Women Ethnic | Women Khussa,3600,PKR,https://shopecs.com/products/110800572x,https://cdn.shopify.com/s/files/1/0582/7303/8492/files/110800572X_GN-Grey_Background-1.jpg?v=1780574462
ECS,Bead Drape,"Constructed with a pointed-toe silhouette and a velvet-finish upper, this khussa features vertical rows of iridescent sequins and bead clusters cascading across the vamp, with a gold-tone chain and stone accent at the toe tip. The contrast piping along the collar adds a structured finish to the overall design. A cushioned insole and flexible rubber outsole make this khussa comfortable for extended wear at formal and semi-formal occasions. Well suited for wedding functions, formal gatherings, and festive celebrations. Styling Tip: Pair with an embroidered formal suit and accessories with pearl drop earrings and a beaded clutch for a refined, occasion-ready look. Material: Velvet upper with iridescent sequin and bead detailing, gold-tone chain accent, cushioned insole and rubber outsole Design: Pointed-toe khussa with vertical bead cascade, sequin rows and contrast collar piping Style: Festive and formal khussa suited for wedding functions, celebrations, and occasion dressing #WomensKhus",shoes,khussa,khussa,slip-on,unknown,women,eid | wedding | mehndi | bridal | formal | office,all-season,false,Gold,Gold | White,gold,gold | pearl,earth,Purple | Purple | Purple | Purple | Purple | Purple | Purple,traditional,New Arrival | New Arrivals | New Arrivals Women Footwear | Women Ethnic | Women Khussa,3800,PKR,https://shopecs.com/products/110800564x,https://cdn.shopify.com/s/files/1/0582/7303/8492/files/110800564XPL-GreyBackground-1.jpg?v=1780481394
ECS,Bead Leaf,"Worked entirely in tonal bead embroidery and gold chain detailing, this pointed-toe khussa carries a traditional handcrafted character suited for formal and festive occasions. The toe cap is densely covered with seed beads, bugle beads, and feather-motif bead clusters arranged in a radiating pattern, framed by fine gold chain lines running across the vamp. The suede upper is stitched with a contrast piping edge, and the cushioned inner lining ensures a comfortable fit for extended wear. Styling Tip: Pair with an embroidered formal suit or traditional gharara and accessorise with gold jhumkas and a embellished clutch for a complete occasion look. Material: Suede upper with tonal seed bead and bugle bead embroidery, gold chain detailing, cushioned lining and rubber outsole Design: Pointed-toe khussa with dense bead-work toe cap, feather motif clusters and gold chain line detailing across the vamp Style: Formal and festive khussa suited for wedding functions, traditional gatherings, and o",shoes,khussa,khussa,slip-on,unknown,women,eid | wedding | mehndi | bridal | formal | office | casual,all-season,false,Gold,Gold,gold,gold,earth,Maroon | Maroon | Maroon | Maroon | Maroon | Maroon | Maroon,traditional,New Arrival | New Arrivals | New Arrivals Women Footwear | Women Ethnic | Women Khussa,3800,PKR,https://shopecs.com/products/110800561x,https://cdn.shopify.com/s/files/1/0582/7303/8492/files/110800561XMR-GreyBackground-1.jpg?v=1780481392
ECS,Petal Gem,"Crafted in a traditional khussa silhouette with a pointed toe, this flat khussa features a silk fabric upper with a central oversized gemstone floral motif surrounded by scattered gold zari mini-flower embroidery and crystal accents across the vamp, finished with a gold-tone piping edge and a smooth fabric footbed on a slim rubber outsole. Styling Tip: Wear with a formal chiffon suit and a delicate bracelet for a polished Eid or wedding gathering look. Material: Silk fabric upper with gemstone floral motif, gold zari embroidery, crystal accents, gold-tone piped edge, rubber outsole Design: Pointed-toe khussa with central gemstone flower, scattered zari mini-flower embroidery, and gold piping trim Style: Women's khussa for festive occasions, Eid gatherings, and formal traditional wear #GemKhussa #ZariEmbroidery #FestiveKhussa #TraditionalFootwear",shoes,khussa,khussa,slip-on,flat,women,eid | wedding | mehndi | bridal | formal | office,all-season,false,Gold,Gold,gold,gold,earth,Green | Green | Green | Green | Green | Green | Green,traditional,New Arrival | New Arrivals | New Arrivals Women Footwear | Women Ethnic | Women Khussa,3600,PKR,https://shopecs.com/products/110800553x,https://cdn.shopify.com/s/files/1/0582/7303/8492/files/110800553XGN-GreyBackground-1.jpg?v=1779691751
ECS,Beaded Floral,"This closed-toe flat khussa features a fabric upper densely embellished with gold zardozi floral and vine embroidery across the full vamp, with scattered gold bead and sequin accents adding depth and texture to the surface. A cream faux leather piping trim runs along the collar and toe edge for a clean two-tone finish, while a cushioned footbed and thin flat sole with a pointed toe profile maintain the traditional khussa silhouette suited for festive and occasion styling. Styling Tip: Pair with kolhapuris-inspired separates and a delicate bracelet for a refined, modest look at festive gatherings and semi-formal daytime occasions. Material: Fabric upper with gold zardozi embroidery and bead sequin accents, cream faux leather piping trim, cushioned footbed, flat sole Design: Closed-toe flat khussa with dense zardozi floral embroidery, gold bead accents, cream piping trim, and pointed toe profile Style: Women's flat khussa for festive occasions, semi-formal events, and modest occasion sty",shoes,khussa,khussa,slip-on,flat,women,eid | wedding | mehndi | formal | office | casual,all-season,false,Gold,Gold | White,gold,gold | cream,earth,Green | Green | Green | Green | Green | Green | Green,traditional,New Arrivals | New Arrivals Women Footwear | Women Ethnic | Women Khussa,3600,PKR,https://shopecs.com/products/110800558x,https://cdn.shopify.com/s/files/1/0582/7303/8492/files/110800558X_GN-Grey_Background-1.jpg?v=1778744757
ECS,Pearl Cut,"A closed-toe flat khussa crafted with a fabric upper densely covered in gold floral embroidery, with scattered pearl and bead accents adding texture and depth across the full vamp surface. Tan faux leather collar trim and a cushioned footbed complete the construction, while the thin flat sole and pointed toe profile maintain the traditional khussa silhouette suited for festive and occasion styling. Styling Tip: Pair with kolhapuri-inspired separates and a delicate bracelet for a refined, modest look at festive gatherings and semi-formal daytime occasions. Material: Fabric upper with gold floral embroidery and pearl bead accents, tan faux leather collar trim, cushioned footbed, flat sole Design: Closed-toe flat khussa with dense gold floral embroidery, pearl accents, and pointed toe profile Style: Women's flat khussa for festive occasions, semi-formal events, and modest occasion styling #WomensKhussa #GoldEmbroidery #FestiveFootwear",shoes,khussa,khussa,slip-on,flat,women,eid | wedding | mehndi | formal | office,all-season,false,White,White | Gold | Brown,pearl,pearl | gold | tan,neutral,White | White | White | White | White | White | White,traditional,New Arrivals | New Arrivals Women Footwear | Women Ethnic | Women Khussa,3600,PKR,https://shopecs.com/products/110800571x,https://cdn.shopify.com/s/files/1/0582/7303/8492/files/110800571X_WH-Grey_Background-1.jpg?v=1778744757
ECS,Denim Piped,"This closed-toe flat khussa features a denim-textured fabric upper in a fine ribbed weave, with contrasting tan faux leather piping trim running along the full collar edge and vamp seam for a clean two-tone finish. A centre-front seam detail adds structure to the slightly pointed toe silhouette, while a cushioned footbed and thin flat rubber sole provide lightweight comfort for everyday wear. The combination of denim texture and faux leather trim gives this khussa a practical yet put-together character suited for casual and modest daily styling. Styling Tip: Pair with strappy flats-inspired separates and stud earrings for a neat, grounded everyday look suited for casual outings and relaxed daytime gatherings. Material: Denim-textured ribbed fabric upper, tan faux leather piping trim, cushioned footbed, flat rubber sole Design: Closed-toe flat khussa with denim upper, contrasting faux leather collar and vamp piping, and centre-front seam detail Style: Women's flat khussa for casual ever",shoes,khussa,khussa,buckle,flat,women,eid | wedding | mehndi | casual,all-season,false,Blue,Blue | Brown,denim,denim | tan,blue,Blue | Blue | Blue | Blue | Blue | Blue | Blue,traditional,New Arrivals | New Arrivals Women Footwear | Women Ethnic | Women Khussa,1700,PKR,https://shopecs.com/products/110800536x,https://cdn.shopify.com/s/files/1/0582/7303/8492/files/110800536X_BU-Grey_Background-1.jpg?v=1778744757
ECS,Pearl Bloom,"Clustered gold-tone pearl beads of varying sizes are arranged along delicate wire stems in a sweeping botanical arc across the toe box, creating a dimensional, handcrafted embellishment that contrasts beautifully against the smooth matte fabric upper. A cushioned leather-finish insole with a minimal sole provides comfortable, lightweight wear suited for traditional and semi-formal modest styling. Styling Tip : Pair with modest traditional or semi-formal separates in a solid tone to complement the delicate gold-tone pearl botanical embellishment. Material: Smooth matte fabric upper with clustered gold-tone pearl bead botanical embellishment on wire stems and leather-finish insole Design: Pointed-toe khussa with sweeping pearl bead arc toe box embellishment and minimal upper Style: Embellished traditional khussa suited for festive occasions, semi-formal events and traditional modest styling #TraditionalFootwear #FestiveOccasion",shoes,khussa,khussa,slip-on,unknown,women,eid | wedding | mehndi | formal | office,all-season,false,White,White | Gold,pearl,pearl | gold,neutral,Golden | Golden | Golden | Golden | Golden | Golden | Golden,traditional,New Arrivals | New Arrivals Women Footwear | Women Ethnic | Women Khussa,3800,PKR,https://shopecs.com/products/110800557x,https://cdn.shopify.com/s/files/1/0582/7303/8492/files/110800557X_GD-1.jpg?v=1778650442
ECS,Floral Craft,"A flat closed-toe khussa crafted with dense zari thread embroidery across the entire vamp, featuring an intricate floral motif pattern that reflects traditional artisanal craftsmanship. The tightly worked floral clusters cover the toe box and upper in a continuous all-over design, creating a rich, textured surface with a festive character. A smooth metallic-trim edge along the opening adds a refined finishing detail to the classic khussa silhouette. The cushioned flat sole and lightweight construction ensure comfortable wear throughout festive gatherings, celebrations and traditional occasion dressing. Styling Tip : Pair with embroidered or formal modest traditional wear for a cohesive, occasion-ready look rooted in artisanal elegance. Material: Fabric upper with dense zari thread floral embroidery and metallic trim edge finish Design: Flat closed-toe khussa with all-over intricate floral embroidery across the vamp and toe box Style: Traditional embroidered khussa suited for festive oc",shoes,khussa,khussa,slip-on,flat,women,eid | wedding | mehndi | formal | office,all-season,false,Multicolor,Multicolor,multicolor,multicolor,multicolor,Golden | Golden | Golden | Golden | Golden | Golden | Golden,traditional,New Arrivals | New Arrivals Women Footwear | Women Ethnic | Women Khussa,2200,PKR,https://shopecs.com/products/110800541x,https://cdn.shopify.com/s/files/1/0582/7303/8492/files/110800541XGD-1.jpg?v=1777536104
ECS,Pearl Burst,"Multiple slim satin straps densely set with alternating pearl bead rows and rhinestone chain borders fan outward across the vamp in a spread arrangement on this open-toe block heel slipper. The straps twist and cross at the centre vamp, creating a layered, embellished front with a refined festive finish. A smooth cushioned footbed and structured block heel outsole provide comfortable, stable elevated wear suited for formal and evening occasions. Styling Tip: Style with a formal embroidered suit, pearl drop earrings, and a sleek clutch for a polished, occasion-ready look. Material: Satin straps with pearl bead rows and rhinestone chain borders, cushioned footbed and structured block heel outsole. Design: Open-toe block heel slipper with multiple fanning pearl and rhinestone straps twisting at vamp centre. Style: Formal heel slipper suited for wedding functions, evening events, and occasion dressing. #WomensHeelSlipper #PearlEmbellished #BlockHeelSlipper #FormalFootwear",shoes,flip-flop,other,buckle,unknown,women,casual | party | wedding | bridal | eid | formal | office,all-season,false,White,White,pearl,pearl,neutral,White | White | White | White | White | White,trendy,Footwear and Bags | New Arrival | New Arrival Partywear | New Arrivals | New Arrivals Women Footwear | Slippers & Chappal | View all collection | Women Footwear | Women Partywear | Women Slippers,4500,PKR,https://shopecs.com/products/110252391x,https://cdn.shopify.com/s/files/1/0582/7303/8492/files/110252391X_WH-Grey_Background-1.jpg?v=1780915576
ECS,Fluff Jewel,"Two parallel straps, each with a dense rhinestone centre panel bordered by soft faux fur trim on both edges, sit across the vamp of this open-toe slip-on slipper. The contrast of the sparkle rhinestone surface against the plush fur border gives the design a textured, statement finish suited for casual and semi-formal wear. A smooth faux leather footbed and flat rubber outsole provide comfortable all-day wear. Styling Tip: Style with a relaxed wide-leg trouser and an oversized kurta, accessorise with hoop earrings and a chain bag for an effortless, fashion-forward look. Material: Dual straps with rhinestone centre panels and faux fur trim borders, smooth faux leather footbed and flat rubber outsole. Design: Open-toe slip-on slipper with two parallel rhinestone and faux fur contrast straps across the vamp. Style: Casual to semi-formal slipper suited for daywear, relaxed outings, and everyday occasion dressing. #FurTrimSlipper #RhinestoneSlipper #CasualFootwear",shoes,flip-flop,other,buckle,flat,women,casual | party | formal | office,all-season,false,Multicolor,Multicolor,multicolor,multicolor,multicolor,Pink | Pink | Pink | Pink | Pink | Pink | Pink,trendy,Footwear and Bags | New Arrival | New Arrival Casual | New Arrivals | New Arrivals Women Footwear | Slippers & Chappal | View all collection | Women Casual | Women Footwear | Women Slippers,3000,PKR,https://shopecs.com/products/110201144x,https://cdn.shopify.com/s/files/1/0582/7303/8492/files/110201144X_PK-Grey_Background-1.jpg?v=1780915576
ECS,Knot Strass,"Three iridescent rhinestone-set cord straps cross the vamp with a knotted twist detail at the centre, creating a structured yet delicate open-toe silhouette on this slip-on slipper. The straps sit against a smooth faux leather base with a slim toe-ring strap completing the front. A cushioned footbed and flat rubber outsole provide comfortable, stable wear suited for semi-formal and festive occasions. Styling Tip: Pair with a chiffon formal suit and accessorise with crystal stud earrings and a metallic clutch for a refined occasion look. Material: Iridescent rhinestone-set cord straps on smooth faux leather base, cushioned footbed and flat rubber outsole. Design: Open-toe slip-on slipper with three rhinestone cord straps and knotted twist detail at vamp centre. Style: Festive slipper suited for semi-formal outings, evening gatherings, and occasion dressing. #RhinestoneSlipper #KnotDetailSlipper #FestiveFootwear",shoes,flip-flop,other,buckle,flat,women,casual | party | eid | formal | office,all-season,false,Multicolor,Multicolor,multicolor,multicolor,multicolor,Beige | Beige | Beige | Beige | Beige | Beige | Beige | Cream | Cream | Cream | Cream | Cream | Cream | Cream,trendy,Footwear and Bags | New Arrival | New Arrival Partywear | New Arrivals | New Arrivals Women Footwear | Slippers & Chappal | View all collection | Women Footwear | Women Partywear | Women Slippers,3200,PKR,https://shopecs.com/products/110228321x,https://cdn.shopify.com/s/files/1/0582/7303/8492/files/110228321X_BG-Grey_Background-1.jpg?v=1780661552
ECS,Strass Cord,"Multiple rhinestone-set cord straps arc across a sheer mesh base, creating a layered multi-strap vamp on this open-toe slip-on slipper. The straps converge and fan outward from the footbed edge, forming a structured yet lightweight design with a strong embellished finish. A smooth footbed and low block rubber outsole provide stable, comfortable wear suited for festive and semi-formal occasions. Styling Tip: Wear with a formal embroidered suit and accessorise with metallic drop earrings and a sleek clutch for a polished evening look. Material: Rhinestone-set cord straps on sheer mesh base, smooth footbed and low block rubber outsole. Design: Open-toe slip-on slipper with multi-arc rhinestone cord straps fanning across a mesh vamp. Style: Festive slipper suited for semi-formal outings, evening gatherings, and occasion dressing. #RhinestoneSlipper #MultiStrapSlipper #FestiveFootwear",shoes,flip-flop,other,buckle,unknown,women,casual | party | eid | formal | office,all-season,false,Multicolor,Multicolor,multi,multi,multicolor,Green | Green | Green | Green | Green | Green | Green | Pink | Pink | Pink | Pink | Pink | Pink | Pink,trendy,Footwear and Bags | New Arrival | New Arrival Partywear | New Arrivals | New Arrivals Women Footwear | Slippers & Chappal | View all collection | Women Footwear | Women Partywear | Women Slippers,3400,PKR,https://shopecs.com/products/110228319x,https://cdn.shopify.com/s/files/1/0582/7303/8492/files/110228319X_GN-Grey_Background-1.jpg?v=1780661553
ECS,Mesh Bow,"A wide mesh vamp strap with faux leather border trim is topped with a large puffed faux leather bow, secured at the centre with a rhinestone bar clasp. The open-toe slip-on silhouette keeps the design light and wearable, while the smooth footbed and flat rubber outsole provide comfortable all-day wear. Suited for smart-casual daywear and semi-formal outings. Styling Tip: Style with a solid kurta and straight trousers, accessorise with pearl studs and a compact tote for a neat, composed daytime look. Material: Mesh vamp strap with faux leather border and puffed bow, rhinestone bar clasp centre and rubber outsole. Design: Open-toe slip-on slipper with wide mesh strap and oversized faux leather bow with rhinestone centre detail. Style: Smart-casual slipper suited for daywear, semi-formal outings, and everyday occasion dressing. #BowSlipper #MeshStrapSlipper #SmartCasualFootwear",shoes,flip-flop,other,buckle,flat,women,casual | party | formal | office,all-season,false,White,White,pearl,pearl,neutral,Coffee | Coffee | Coffee | Coffee | Coffee | Coffee | Coffee,trendy,Footwear and Bags | New Arrival | New Arrival Casual | New Arrivals | New Arrivals Women Footwear | Slippers & Chappal | View all collection | Women Casual | Women Footwear | Women Slippers,2400,PKR,https://shopecs.com/products/110201147x,https://cdn.shopify.com/s/files/1/0582/7303/8492/files/110201147X_CF-Grey_Background-1.jpg?v=1780661553
ECS,Ring Circle,"Set with dense iridescent rhinestones and open circular cutout motifs across a wide mesh-base vamp strap, this slipper delivers a bold embellished look suited for formal and festive occasions. The circular frames are outlined with closely packed stones, creating a layered geometric pattern across the full width of the strap. A smooth faux leather footbed and flat rubber outsole provide a stable, comfortable base for extended wear. Well suited for wedding functions, formal celebrations, and occasion dressing. Styling Tip: Pair with an embroidered chiffon suit and accessorise with drop earrings and a beaded clutch for a polished, occasion-ready look. Material: Mesh-base vamp strap with iridescent rhinestone embellishment and circular cutout frames, smooth faux leather footbed and rubber outsole Design: Wide slip-on slipper with full-coverage rhinestone strap featuring open circle motif detailing Style: Festive and formal slipper suited for wedding functions, celebrations, and occasion dr",shoes,flip-flop,other,buckle,flat,women,casual | party | wedding | bridal | eid | formal | office,winter,false,Multicolor,Multicolor,multicolor,multicolor,multicolor,Beige | Beige | Beige | Beige | Beige | Beige | Beige | Black | Black | Black | Black | Black | Black | Black,trendy,Footwear and Bags | New Arrival | New Arrival Partywear | New Arrivals | New Arrivals Women Footwear | Slippers & Chappal | Women Footwear | Women Partywear | Women Slippers,4300,PKR,https://shopecs.com/products/110228332x,https://cdn.shopify.com/s/files/1/0582/7303/8492/files/110228332X_BG-Grey_Background-1.jpg?v=1780574462
ECS,Crystal Strap,"Detailed with rhinestone and faceted crystal embellishments across a slim dual-strap construction, this slipper is designed for occasions that call for a polished, dressy finish. The vamp strap is set with closely packed square and round crystals in a silver-tone finish, while a thin rhinestone-studded toe post completes the look. The smooth faux leather footbed sits on a lightweight flat rubber outsole, offering a comfortable and stable base for extended wear. Suited for formal gatherings, wedding functions, and evening celebrations. Styling Tip: Wear with an embroidered chiffon suit and accessorise with silver drop earrings and a metallic clutch for a polished, occasion-ready look. Material: Rhinestone and crystal-embellished faux leather straps, smooth faux leather footbed and rubber outsole Design: Slip-on slipper with dual crystal-set vamp strap and rhinestone toe post in silver-tone finish Style: Formal and festive slipper suited for evening events, wedding functions, and occasio",shoes,flip-flop,other,buckle,flat,women,casual | party | wedding | bridal | eid | formal | office,all-season,false,Grey,Grey,silver,silver,neutral,Silver | Silver | Silver | Silver | Silver | Silver | Silver,trendy,Footwear and Bags | New Arrival | New Arrival Casual | New Arrivals | New Arrivals Women Footwear | Slippers & Chappal | Women Casual | Women Footwear | Women Slippers,2600,PKR,https://shopecs.com/products/110201139x,https://cdn.shopify.com/s/files/1/0582/7303/8492/files/110201139XSL-GreyBackground-1.jpg?v=1780481387
ECS,Butterfly Bloom,"Covered across the entire wide vamp strap with densely arranged raised 3D gold-tone butterfly appliqués in a textured crochet finish, scattered with gold bead accents between each motif, this open-toe block heel slipper sits on a smooth synthetic footbed and a structured 3-inch block heel with a slim rubber outsole for a bold, festive party finish. Styling Tip: Wear with a formal chiffon suit and a delicate bracelet for a statement Eid or wedding gathering look. Material: Synthetic vamp strap with raised 3D gold-tone crochet butterfly appliqués and gold bead accents, smooth synthetic footbed, rubber outsole, 3-inch block heel Design: Open-toe block heel slipper with wide strap fully covered in 3D butterfly appliqués and scattered gold bead detail Style: Women's party wear slipper for festive occasions, Eid gatherings, and wedding events #ButterflyHeel #PartyWearSlipper #3DButterfly #FestiveHeels",shoes,flip-flop,other,buckle,unknown,women,casual | party | wedding | bridal | eid | formal | office,all-season,false,Gold,Gold,gold,gold,earth,Peach | Peach | Peach | Peach | Peach | Peach,trendy,Footwear and Bags | New Arrival | New Arrival Partywear | New Arrivals | New Arrivals Women Footwear | Slippers & Chappal | View all collection | Women Footwear | Women Partywear | Women Slippers,6500,PKR,https://shopecs.com/products/110252962x,https://cdn.shopify.com/s/files/1/0582/7303/8492/files/110252962X_PH-Grey_Background-1.jpg?v=1781779674
ECS,Woven Block,"A wide chunky-woven faux leather vamp strap with a bold basket-weave pattern sits across the foot on this square open-toe block heel slipper. The thick interlaced weave construction gives the strap a structured, textured surface with a clean, contemporary finish. A smooth cushioned footbed and low block heel outsole provide comfortable, stable elevated wear suited for smart-casual and everyday occasion dressing. Styling Tip: Pair with straight-cut trousers and a relaxed kurta, accessorise with a structured tote and minimal stud earrings for a neat, composed daytime look. Material: Chunky basket-weave faux leather vamp strap, smooth cushioned footbed and low block heel outsole. Design: Square open-toe slip-on heel slipper with wide bold basket-weave strap on a low block heel. Style: Smart-casual heel slipper suited for daywear, casual outings, and everyday occasion dressing. #WovenSlipper #BlockHeelSlipper #SmartCasualFootwear",shoes,flip-flop,other,lace-up,unknown,women,casual | party | formal | office,all-season,false,Multicolor,Multicolor,multicolor,multicolor,multicolor,Beige | Beige | Beige,trendy,Footwear and Bags | New Arrival | New Arrival Formal | New Arrivals | New Arrivals Women Footwear | Slippers & Chappal | View all collection | Women Footwear | Women Formal | Women Slippers,4800,PKR,https://shopecs.com/products/110299007x,https://cdn.shopify.com/s/files/1/0582/7303/8492/files/110299007X_BG-Grey_Background-1.jpg?v=1780915579
Borjan,Women Comfort Slipper-MAGENTA,"Step into comfort with our Women Comfort Slipper, designed for all-day ease and support. Featuring a soft, cushioned sole and breathable upper, these slippers provide the perfect balance of style and functionality. Ideal for indoor wear or casual outings, they offer gentle arch support and a secure fit. Slip them on and experience the comfort your feet deserve.",shoes,slipper,other,slip-on,unknown,women,casual | party,summer,false,Pink,Pink,magenta,magenta,pink,MAGENTA | MAGENTA | MAGENTA | MAGENTA | MAGENTA | MAGENTA | MAGENTA,trendy,02 July 2026 | 02-07-2026 | 2026 | 36 | 37 | 38 | 39 | 40 | 41 | 42 | B12-Casual | B20-Conforto | B50-Slipper | Borjan | BW11348 | BW11348-MAGENTA | Comfort | Footwear | July | July 2026 | Khuly Jutty | Magenta | main.summer | NewIn | Open | Open Footwear | Open Jutty | Open Juty | Open Shoe | Open Shoes | PKR 4001 to PKR 5000 | Skywalk | SkywalkWomen | slipar | Sliper | slipper | Summer | Summer Collection | Summer Footwear | Summer Shoes,4400,PKR,https://www.borjan.com.pk/products/bw11348-magenta-women-comfort-slipper,https://cdn.shopify.com/s/files/1/0083/8405/3305/files/1_24de9cf6-e44f-4593-b85f-df0f5e5c56ee.png?v=1782985075
Borjan,Women Comfort Slipper-MUSTARD,"Step into comfort with our Women Comfort Slipper, designed for all-day ease and support. Featuring a soft, cushioned sole and breathable upper, these slippers provide the perfect balance of style and functionality. Ideal for indoor wear or casual outings, they offer gentle arch support and a secure fit. Slip them on and experience the comfort your feet deserve.",shoes,slipper,mules,slip-on,unknown,women,casual | party,summer,false,Yellow,Yellow,mustard,mustard,yellow,MUSTARD | MUSTARD | MUSTARD | MUSTARD | MUSTARD | MUSTARD | MUSTARD,trendy,02 July 2026 | 02-07-2026 | 2026 | 36 | 37 | 38 | 39 | 40 | 41 | 42 | B12-Casual | B20-Conforto | B50-Slipper | Borjan | BW11348 | BW11348-MUSTARD | Comfort | Footwear | July | July 2026 | Khuly Jutty | main.summer | Mustard | NewIn | Open | Open Footwear | Open Jutty | Open Juty | Open Shoe | Open Shoes | PKR 4001 to PKR 5000 | Skywalk | SkywalkWomen | slipar | Sliper | slipper | Summer | Summer Collection | Summer Footwear | Summer Shoes,4400,PKR,https://www.borjan.com.pk/products/bw11348-mustard-women-comfort-slipper,https://cdn.shopify.com/s/files/1/0083/8405/3305/files/1_3ab1a309-d024-4e9c-a217-aa1ba6b3e875.png?v=1782985085
Borjan,Women Comfort Slipper-PINK,"Step into comfort with our Women Comfort Slipper, designed for all-day ease and support. Featuring a soft, cushioned sole and breathable upper material, these slippers provide the perfect balance of coziness and durability. Ideal for indoor wear or casual outings, they offer gentle arch support and a secure fit that keeps your feet happy throughout the day. Available in versatile colors to match any home style.",shoes,slipper,other,slip-on,unknown,women,casual | party,summer,false,Pink,Pink,pink,pink,pink,PINK | PINK | PINK | PINK | PINK | PINK | PINK,trendy,02 July 2026 | 02-07-2026 | 2026 | 36 | 37 | 38 | 39 | 40 | 41 | 42 | B12-Casual | B20-Conforto | B50-Slipper | Borjan | BW11330 | BW11330-PINK | Comfort | Footwear | July | July 2026 | Khuly Jutty | main.summer | NewIn | Open | Open Footwear | Open Jutty | Open Juty | Open Shoe | Open Shoes | Pink | PKR 4001 to PKR 5000 | Skywalk | SkywalkWomen | slipar | Sliper | slipper | Summer | Summer Collection | Summer Footwear | Summer Shoes,4900,PKR,https://www.borjan.com.pk/products/bw11330-pink-women-comfort-slipper,https://cdn.shopify.com/s/files/1/0083/8405/3305/files/1_1854e867-db3f-4e77-8834-00c13bafdbc1.png?v=1782983839
Borjan,Women Comfort Sandal-JADE,"Featuring the latest design trends, this sandal is beautifully embellished with intricate stone detailing that adds a touch of elegance and sophistication to any outfit. Perfect for both casual and semi-formal occasions, the ornate stonework catches light beautifully while maintaining comfort throughout the day. The sleek black base complements any wardrobe, making it a versatile choice for modern women who appreciate contemporary style with traditional craftsmanship.",shoes,sandal,mules,slip-on,unknown,women,casual | party | formal | office,all-season,false,Black,Black,black,black,neutral,JADE | JADE | JADE | JADE | JADE | JADE,trendy,36 | 37 | 38 | 39 | 40 | 41 | B12-Casual | B20-GEN-Z | B61-Sandal | BW11287 | BW11287-JADE | JADE,4500,PKR,https://www.borjan.com.pk/products/bw11287-jade-women-comfort-sandal,https://cdn.shopify.com/s/files/1/0083/8405/3305/files/1_67c6cca7-0048-4aa2-a52f-fd3fbca09d6f.png?v=1782822389
Borjan,Women Comfort Sandal-TEA PINK,"Experience all-day comfort with our Women Comfort Sandal, designed for effortless style and support. Featuring a cushioned footbed that molds to your foot's natural contours, these sandals provide gentle arch support for extended wear. The lightweight construction and breathable materials keep your feet cool and comfortable throughout the day. Perfect for casual outings, errands, or relaxing at home, these sandals combine practicality with contemporary design. Slip them on and enjoy the perfect balance of comfort and elegance.",shoes,sandal,mules,slip-on,unknown,women,casual | party,summer,false,Pink,Pink,pink,pink,pink,TEA PINK | TEA PINK | TEA PINK | TEA PINK | TEA PINK | TEA PINK | TEA PINK,trendy,36 | 37 | 38 | 39 | 40 | 41 | 42 | B12-Casual | B20-GEN-Z | B61-Sandal | BW11347 | BW11347-TEA PINK | TEA PINK,4400,PKR,https://www.borjan.com.pk/products/bw11347-tea-pink-women-comfort-sandal,https://cdn.shopify.com/s/files/1/0083/8405/3305/files/1_79880234-16f6-49bf-b13d-fa20fefeb71e.png?v=1782821760
Borjan,Women Comfort Sandal-BLACK,"Experience all-day comfort with our Women Comfort Sandal, designed for effortless style and support. Featuring a cushioned footbed that molds to your foot's natural contours, these sandals provide gentle arch support for extended wear. The lightweight construction and breathable materials keep your feet cool and comfortable throughout the day. Perfect for casual outings, errands, or relaxing at home, these sandals combine practicality with contemporary design. Slip them on and enjoy the perfect balance of comfort and elegance.",shoes,sandal,mules,slip-on,unknown,women,casual | party,summer,false,Black,Black,black,black,neutral,BLACK | BLACK | BLACK | BLACK | BLACK | BLACK | BLACK,trendy,36 | 37 | 38 | 39 | 40 | 41 | 42 | B12-Casual | B20-GEN-Z | B61-Sandal | Black | BW11347 | BW11347-BLACK,4400,PKR,https://www.borjan.com.pk/products/bw11347-black-women-comfort-sandal,https://cdn.shopify.com/s/files/1/0083/8405/3305/files/1_052d6b68-2a7f-4621-bb9e-b8b04dec693e.png?v=1782821635
Borjan,Women Comfort Sandal-JADE,"Experience all-day comfort with our Women Comfort Sandal, designed for effortless style and support. Featuring a cushioned footbed that molds to your foot's natural contours, these sandals provide gentle arch support for extended wear. The lightweight construction and breathable materials keep your feet cool and comfortable throughout the day. Perfect for casual outings, errands, or relaxing at home. Slip them on and enjoy the perfect balance of comfort and contemporary design.",shoes,sandal,mules,slip-on,unknown,women,casual | party,summer,false,Multicolor,Multicolor,multicolor,multicolor,multicolor,JADE | JADE | JADE | JADE | JADE | JADE | JADE,trendy,36 | 37 | 38 | 39 | 40 | 41 | 42 | B12-Casual | B20-GEN-Z | B61-Sandal | BW11346 | BW11346-JADE | JADE,4500,PKR,https://www.borjan.com.pk/products/bw11346-jade-women-comfort-sandal,https://cdn.shopify.com/s/files/1/0083/8405/3305/files/1_065a208c-08b7-4814-b526-d0c0b4b19ae7.png?v=1782820904
Borjan,Women Sneakers-BLACK,"These expertly crafted women's sneakers. Designed for those who refuse to compromise between performance and appearance, they combine premium materials with thoughtful construction to deliver lasting comfort. The refined silhouette transitions seamlessly from casual outings to active pursuits, while the durable build ensures season-after-season reliability. Perfect for the discerning woman who values both substance and style in her shoe collection.",shoes,sneaker,sneakers,slip-on,unknown,women,casual | sports,winter,true,Black,Black,black,black,neutral,BLACK | BLACK | BLACK | BLACK | BLACK | BLACK | BLACK,western,06 November 2025 | 06-11-2025 | 2025 | 36 | 37 | 38 | 39 | 40 | 41 | 42 | athleisure.main | B11-Casual | B18-Athleisure | B51-Slip On | Band Jutty | Band Juty | Black | Borjan | BW10853 | BW10853-BLACK | Close | Close Footwear | Close shoe | Close Shoes | Footwear | November | November 2025 | PKR 3001 to PKR 4000 | prewinter | Sneaker | sneakers | sport | sport shoes | Sports | sports shoes | wathleisure.main | WFootwear | Winter | Winter Collection | Winter Footwear,3900,PKR,https://www.borjan.com.pk/products/bw10853-black-women-sneakers,https://cdn.shopify.com/s/files/1/0083/8405/3305/files/1_3695313a-4c4f-4507-837a-e6b8b110e381.jpg?v=1762409106
Borjan,Women Slipper Heels-WHITE,"Elegant women's slipper heels designed for comfort and style. Features a cushioned footbed that provides all-day support, perfect for both casual wear and dressing up. The sleek heel adds a touch of sophistication to any outfit. Slip-on design makes them easy to wear, while the durable sole ensures long-lasting wear. Ideal for home, office, or evening occasions.",shoes,heel,other,slip-on,unknown,women,casual | party | formal | office,summer,false,White,White,white,white,neutral,WHITE | WHITE | WHITE | WHITE | WHITE | WHITE | WHITE,trendy,18 June 2026 | 18-06-2026 | 2026 | 36 | 37 | 38 | 39 | 40 | 41 | 42 | B12-Casual | B20-Girl B | B63-Slipper | Borjan | BW11340 | BW11340-WHITE | Footwear | heel | Heels | June | June 2026 | Khuly Jutty | main.summer | NewIn | Open | Open Footwear | Open Jutty | Open Juty | Open Shoe | Open Shoes | PKR 4001 to PKR 5000 | Slipper Heel | Slipper Heels | Summer | Summer Collection | Summer Footwear | Summer Shoes | WFootwear | White | wmain.summer,4600,PKR,https://www.borjan.com.pk/products/bw11340-white-women-slipper-heels,https://cdn.shopify.com/s/files/1/0083/8405/3305/files/1_3ceb31c1-7c81-4cb3-bbb4-35053add37ef.png?v=1781772908
Borjan,Women Slipper Heels-MAROON,"Slip into comfort with our Women Slipper Heels, designed for effortless elegance. These versatile heels feature a secure slipper-style fit that keeps your feet supported throughout the day. The sleek silhouette pairs perfectly with casual outfits or dressier occasions, while the cushioned sole ensures all-day wearability. Whether you're heading to work or out for an evening, these heels deliver style without compromise. Available in classic shades to match any wardrobe.",shoes,heel,other,slip-on,unknown,women,casual | party | formal | office,summer,false,Red,Red,maroon,maroon,red,MAROON | MAROON | MAROON | MAROON | MAROON | MAROON | MAROON,trendy,17 June 2026 | 17-06-2026 | 2026 | 36 | 37 | 38 | 39 | 40 | 41 | 42 | B12-Formal | B21-Shine | B55-Slipper | Borjan | BW11341 | BW11341-MAROON | Footwear | heel | Heels | June | June 2026 | Khuly Jutty | main.summer | Maroon | NewIn | Open | Open Footwear | Open Jutty | Open Juty | Open Shoe | Open Shoes | PKR 3001 to PKR 4000 | Slipper Heel | Slipper Heels | Summer | Summer Collection | Summer Footwear | Summer Shoes | WFootwear | wmain.summer,3900,PKR,https://www.borjan.com.pk/products/bw11341-maroon-women-slipper-heels,https://cdn.shopify.com/s/files/1/0083/8405/3305/files/1_19acec34-cae8-42cb-a9f9-2dd957ac9d86.png?v=1781697673
Borjan,Women Slipper Heels-MAROON,"Slip into comfort with our Women Slipper Heels, designed for effortless style and all-day wearability. These versatile heels feature a secure slipper-style fit that keeps your feet supported while maintaining an elegant silhouette. Perfect for indoor relaxation or casual outings, they combine the sophistication of heels with the ease of slippers. The cushioned footbed ensures comfort during extended wear, while the sleek design pairs seamlessly with loungewear, casual dresses, or everyday outfits. Elevate your comfort game without compromising on style.",shoes,heel,other,slip-on,unknown,women,casual | party,summer,false,Red,Red,maroon,maroon,red,MAROON | MAROON | MAROON | MAROON | MAROON | MAROON | MAROON,trendy,12 June 2026 | 12-06-2026 | 2026 | 36 | 37 | 38 | 39 | 40 | 41 | 42 | B12-Casual | B20-Girl B | B63-Slipper | Borjan | BW11338 | BW11338-MAROON | Footwear | heel | Heels | June | June 2026 | Khuly Jutty | main.summer | Maroon | NewIn | Open | Open Footwear | Open Jutty | Open Juty | Open Shoe | Open Shoes | PKR 4001 to PKR 5000 | Slipper Heel | Slipper Heels | Summer | Summer Collection | Summer Footwear | Summer Shoes | WFootwear | wmain.summer,4300,PKR,https://www.borjan.com.pk/products/bw11338-maroon-women-slipper-heels,https://cdn.shopify.com/s/files/1/0083/8405/3305/files/1_b5c71055-a915-4879-8f20-777c5d9a7538.png?v=1781240336
Borjan,Women Slipper Heels-JADE,"Elegant women's slipper heels designed for comfort and style. The finish adds a sophisticated touch to any casual or semi-formal outfit. Featuring a cushioned footbed and secure heel design, these slipper heels provide all-day wearability. Perfect for indoor relaxation or stepping out with confidence. Ideal for those seeking a blend of comfort and contemporary fashion.",shoes,heel,other,slip-on,unknown,women,casual | party | formal | office,summer,false,Multicolor,Multicolor,multicolor,multicolor,multicolor,JADE | JADE | JADE | JADE | JADE | JADE | JADE,trendy,15 June 2026 | 15-06-2026 | 2026 | 36 | 37 | 38 | 39 | 40 | 41 | 42 | B12-Formal | B21-Breezy | B52-Slipper | Borjan | BW11339 | Footwear | heel | Heels | JADE | June | June 2026 | Khuly Jutty | main.summer | NewIn | Open | Open Footwear | Open Jutty | Open Juty | Open Shoe | Open Shoes | PKR 4001 to PKR 5000 | Slipper Heel | Slipper Heels | Summer | Summer Collection | Summer Footwear | Summer Shoes | WFootwear | wmain.summer | Women,4300,PKR,https://www.borjan.com.pk/products/bw11339-jade-women-slipper-heels,https://cdn.shopify.com/s/files/1/0083/8405/3305/files/1_45c59f60-c0b9-4c41-91b2-95d939968fac.png?v=1781521437
Borjan,Women Slipper Heels-GOLDEN,"Slip into comfort with our Women Slipper Heels, designed for effortless elegance. These versatile heels feature a secure slipper-style fit that keeps your feet supported throughout the day. The sleek silhouette pairs perfectly with casual outfits or dressier occasions, while the cushioned sole ensures all-day wearability. Whether you're heading to work or out for an evening, these heels deliver style without compromise. Available in classic shades to match any wardrobe.",shoes,heel,other,slip-on,unknown,women,casual | party | formal | office,summer,false,Gold,Gold,golden,golden,earth,GOLDEN | GOLDEN | GOLDEN | GOLDEN | GOLDEN | GOLDEN | GOLDEN,trendy,17 June 2026 | 17-06-2026 | 2026 | 36 | 37 | 38 | 39 | 40 | 41 | 42 | B12-Formal | B21-Shine | B55-Slipper | Borjan | BW11341 | BW11341-GOLDEN | Footwear | GOLDEN | heel | Heels | June | June 2026 | Khuly Jutty | main.summer | NewIn | Open | Open Footwear | Open Jutty | Open Juty | Open Shoe | Open Shoes | PKR 3001 to PKR 4000 | Slipper Heel | Slipper Heels | Summer | Summer Collection | Summer Footwear | Summer Shoes | WFootwear | wmain.summer,3900,PKR,https://www.borjan.com.pk/products/bw11341-golden-women-slipper-heels,https://cdn.shopify.com/s/files/1/0083/8405/3305/files/1_c6bd5c9c-ec67-43bc-8f2c-1f6c8024689c.png?v=1781697663
Borjan,Women Slipper Heels-BEIGE,"Slip into comfort with our Women Slipper Heels, designed for effortless style and all-day wearability. These versatile heels feature a secure slipper-style fit that keeps your feet supported while maintaining an elegant silhouette. Perfect for indoor relaxation or casual outings, they combine the sophistication of heels with the ease of slippers. The cushioned footbed ensures comfort during extended wear, while the sleek design pairs seamlessly with loungewear, casual dresses, or everyday outfits. Elevate your comfort game without compromising on style.",shoes,heel,other,slip-on,unknown,women,casual | party,summer,false,Beige,Beige,beige,beige,earth,BEIGE | BEIGE | BEIGE | BEIGE | BEIGE | BEIGE | BEIGE,trendy,12 June 2026 | 12-06-2026 | 2026 | 36 | 37 | 38 | 39 | 40 | 41 | 42 | B12-Casual | B20-Girl B | B63-Slipper | Beige | Borjan | BW11338 | BW11338-BEIGE | Footwear | heel | Heels | June | June 2026 | Khuly Jutty | main.summer | NewIn | Open | Open Footwear | Open Jutty | Open Juty | Open Shoe | Open Shoes | PKR 4001 to PKR 5000 | Slipper Heel | Slipper Heels | Summer | Summer Collection | Summer Footwear | Summer Shoes | WFootwear | wmain.summer,4300,PKR,https://www.borjan.com.pk/products/bw11338-beige-women-slipper-heels,https://cdn.shopify.com/s/files/1/0083/8405/3305/files/1_334bebf2-0420-4012-a459-e7c690095397.png?v=1781240326
Borjan,Women Comfort Slipper-TAN,"Experience ultimate comfort with our Women's Comfort Slipper, designed for everyday wear around the home. Featuring a soft, cushioned sole that provides gentle support for your feet, these slippers offer the perfect blend of coziness and durability. The lightweight design makes them ideal for quick trips around the house, while the secure fit keeps them in place throughout the day. Perfect for relaxation after a long day, these slippers combine style with practicality. Available in versatile colors that complement any home setting.",shoes,slipper,other,lace-up,unknown,women,casual | party,summer,false,Brown,Brown,tan,tan,earth,TAN | TAN | TAN | TAN | TAN | TAN | TAN,trendy,17 June 2026 | 17-06-2026 | 2026 | 36 | 37 | 38 | 39 | 40 | 41 | 42 | B12-Casual | B20-Relaxation | B51-Slipper | Borjan | BW11343 | BW11343-TAN | Comfort | Footwear | June | June 2026 | Khuly Jutty | main.summer | NewIn | Open | Open Footwear | Open Jutty | Open Juty | Open Shoe | Open Shoes | PKR 5001 and Above | Skywalk | SkywalkWomen | slipar | Sliper | slipper | Summer | Summer Collection | Summer Footwear | Summer Shoes | Tan,6400,PKR,https://www.borjan.com.pk/products/bw11343-tan-women-comfort-slipper,https://cdn.shopify.com/s/files/1/0083/8405/3305/files/1_8461f055-e593-4e23-bb10-1e9727cacad1.png?v=1781698692
Borjan,Women Comfort Slipper-PINK,"Experience ultimate comfort with our Women Comfort Slipper, designed for everyday wear around the home. Featuring a soft, cushioned sole that provides gentle support for your feet, these slippers offer the perfect blend of coziness and durability. The lightweight design makes them ideal for quick trips around the house, while the secure fit keeps them in place throughout the day. Whether you're relaxing after work or enjoying a lazy weekend, these slippers deliver the comfort your feet deserve. Available in versatile colors to match any home style.",shoes,slipper,other,lace-up,unknown,women,casual | party | formal | office,summer,false,Pink,Pink,pink,pink,pink,PINK | PINK | PINK | PINK | PINK | PINK | PINK,trendy,18 June 2026 | 18-06-2026 | 2026 | 36 | 37 | 38 | 39 | 40 | 41 | 42 | B12-Casual | B20-Conforto | B50-Slipper | Borjan | BW11328 | BW11328-PINK | Comfort | Footwear | June | June 2026 | Khuly Jutty | main.summer | NewIn | Open | Open Footwear | Open Jutty | Open Juty | Open Shoe | Open Shoes | Pink | PKR 4001 to PKR 5000 | Skywalk | SkywalkWomen | slipar | Sliper | slipper | Summer | Summer Collection | Summer Footwear | Summer Shoes,4700,PKR,https://www.borjan.com.pk/products/bw11328-pink-women-comfort-slipper,https://cdn.shopify.com/s/files/1/0083/8405/3305/files/1_54a8e74f-79bd-4d00-9ea6-e35348c4787d.png?v=1781768864
Borjan,Women Comfort Slipper-OLIVE,"Experience ultimate comfort with our Women's Comfort Slipper, designed for everyday wear around the home. Featuring a soft, cushioned sole that provides gentle support for your feet, these slippers offer the perfect blend of coziness and durability. The lightweight design makes them ideal for quick trips around the house, while the secure fit keeps them in place throughout the day. Perfect for relaxation after a long day, these slippers combine style with practicality. Available in versatile colors that complement any home setting.",shoes,slipper,other,lace-up,unknown,women,casual | party,summer,false,Green,Green,olive,olive,green,OLIVE | OLIVE | OLIVE | OLIVE | OLIVE | OLIVE | OLIVE,trendy,17 June 2026 | 17-06-2026 | 2026 | 36 | 37 | 38 | 39 | 40 | 41 | 42 | B12-Casual | B20-Relaxation | B51-Slipper | Borjan | BW11343 | BW11343-OLIVE | Comfort | Footwear | June | June 2026 | Khuly Jutty | main.summer | NewIn | Olive | Open | Open Footwear | Open Jutty | Open Juty | Open Shoe | Open Shoes | PKR 5001 and Above | Skywalk | SkywalkWomen | slipar | Sliper | slipper | Summer | Summer Collection | Summer Footwear | Summer Shoes,6400,PKR,https://www.borjan.com.pk/products/bw11343-olive-women-comfort-slipper,https://cdn.shopify.com/s/files/1/0083/8405/3305/files/1_56b9ef83-1f6c-4763-809a-f5f8704ef450.png?v=1781698683
Borjan,Women Comfort Slipper-MUSTARD,"Slip into ultimate comfort with our Women Comfort Slipper. Designed for all-day wear, these slippers feature a soft, cushioned footbed that cradles your feet with every step. The lightweight construction and breathable materials keep your feet cool and comfortable, whether you're relaxing at home or running quick errands. The non-slip sole ensures stability on any surface, while the ergonomic design provides excellent arch support. Perfect for anyone seeking cozy, supportive footwear that doesn't compromise on style. Experience the perfect blend of comfort and practicality.",shoes,slipper,other,slip-on,unknown,women,casual | party,summer,false,Yellow,Yellow,mustard,mustard,yellow,MUSTARD | MUSTARD | MUSTARD | MUSTARD | MUSTARD | MUSTARD | MUSTARD,trendy,18 June 2026 | 18-06-2026 | 2026 | 36 | 37 | 38 | 39 | 40 | 41 | 42 | B12-Casual | B20-Relaxation | B51-Slipper | Borjan | BW11290 | BW11290-MUSTARD | Comfort | Footwear | June | June 2026 | Khuly Jutty | main.summer | Mustard | NewIn | Open | Open Footwear | Open Jutty | Open Juty | Open Shoe | Open Shoes | PKR 5001 and Above | Skywalk | SkywalkWomen | slipar | Sliper | slipper | Summer | Summer Collection | Summer Footwear | Summer Shoes,5700,PKR,https://www.borjan.com.pk/products/bw11290-mustard-women-comfort-slipper,https://cdn.shopify.com/s/files/1/0083/8405/3305/files/1_91f5311c-2fc5-4b3c-8191-31aafd3b75e6.png?v=1781759166
Borjan,Women Comfort Slipper-MINT,"Slip into ultimate comfort with our Women's Comfort Slipper. Designed with soft, cushioned soles and a supportive fit, these slippers are perfect for indoor wear or casual outings. The lightweight construction ensures all-day wearability without compromising on style. Ideal for relaxation at home or quick errands, these slippers combine practicality with a modern aesthetic. Experience the perfect balance of comfort and elegance with every step.",shoes,slipper,other,slip-on,unknown,women,casual | party,summer,false,Green,Green,mint,mint,green,MINT | MINT | MINT | MINT | MINT | MINT,trendy,18 June 2026 | 18-06-2026 | 2026 | 36 | 37 | 38 | 39 | 40 | 41 | B12-Casual | B20-Conforto | B50-Slipper | Borjan | BW11344 | BW11344-MINT | Comfort | Footwear | June | June 2026 | Khuly Jutty | main.summer | Mint | NewIn | Open | Open Footwear | Open Jutty | Open Juty | Open Shoe | Open Shoes | PKR 5001 and Above | Skywalk | SkywalkWomen | slipar | Sliper | slipper | Summer | Summer Collection | Summer Footwear | Summer Shoes | WFootwear,5200,PKR,https://www.borjan.com.pk/products/bw11344-mint-women-comfort-slipper,https://cdn.shopify.com/s/files/1/0083/8405/3305/files/1_29203ea8-dc1f-4a9b-a9a1-7ae7d6c257a6.png?v=1781768576
Borjan,Women Comfort Slipper-KHAKI,"Slip into ultimate comfort with our Women Comfort Slipper. Designed with soft, cushioned soles and a supportive fit, these slippers are perfect for indoor wear or casual outings. The lightweight construction ensures all-day wearability without compromising on style. Ideal for relaxation at home or quick errands, these slippers combine practicality with a modern aesthetic. Experience the perfect balance of comfort and elegance with every step.",shoes,slipper,other,slip-on,unknown,women,casual | party,summer,false,Beige,Beige,khaki,khaki,earth,KHAKI | KHAKI | KHAKI | KHAKI | KHAKI | KHAKI,trendy,18 June 2026 | 18-06-2026 | 2026 | 36 | 37 | 38 | 39 | 40 | 41 | B12-Casual | B20-Conforto | B50-Slipper | Borjan | BW11344 | BW11344-KHAKI | Comfort | Footwear | June | June 2026 | Khaki | Khuly Jutty | main.summer | NewIn | Open | Open Footwear | Open Jutty | Open Juty | Open Shoe | Open Shoes | PKR 5001 and Above | Skywalk | SkywalkWomen | slipar | Sliper | slipper | Summer | Summer Collection | Summer Footwear | Summer Shoes | WFootwear,5200,PKR,https://www.borjan.com.pk/products/bw11344-khaki-women-comfort-slipper,https://cdn.shopify.com/s/files/1/0083/8405/3305/files/1_8fab49c4-f8a8-42c3-b08d-018bee7dbec4.png?v=1781760502
Borjan,Women Comfort Slipper-DARK GREY,"Step into comfort with our Women Comfort Slipper, designed for all-day ease and support. Featuring a soft, cushioned sole that molds to your feet, these slippers provide gentle arch support and maximum comfort whether you're relaxing at home or moving around the house. The breathable upper keeps your feet cool, while the durable construction ensures long-lasting wear. Perfect for anyone seeking cozy footwear that doesn't compromise on quality. Slip them on and experience the difference comfort makes.",shoes,slipper,other,slip-on,flat,women,casual | party,summer,false,Grey,Grey,dark grey,dark grey,neutral,DARK GREY | DARK GREY | DARK GREY | DARK GREY | DARK GREY | DARK GREY | DARK GREY,trendy,12 June 2026 | 12-06-2026 | 2026 | 36 | 37 | 38 | 39 | 40 | 41 | 42 | B12-Casual | B20-Breezy | B48-Slipper | Borjan | BW11337 | BW11337-DARK GREY | Comfort | Dark Grey | Flat | flats | Footwear | June | June 2026 | Khuly Jutty | main.summer | NewIn | Open | Open Footwear | Open Jutty | Open Juty | Open Shoe | Open Shoes | PKR 4001 to PKR 5000 | size | slipar | Sliper | slipper | Slippers | Summer | Summer Collection,4800,PKR,https://www.borjan.com.pk/products/bw11337-dark-grey-women-comfort-slipper,https://cdn.shopify.com/s/files/1/0083/8405/3305/files/1_941d2e3e-73ea-4244-81a3-81fd59f0a6c3.png?v=1781240124
Borjan,Women Comfort Slipper-BEIGE,"Experience all-day comfort with our Women Comfort Slipper, designed for effortless style and support. Featuring a soft, cushioned footbed that molds to your feet, these slippers provide gentle arch support for relaxation at home or casual outings. The lightweight construction and breathable materials keep your feet cool and comfortable throughout the day. Perfect for unwinding after work or enjoying a leisurely weekend. Slip them on and feel the difference quality comfort makes.",shoes,slipper,other,slip-on,unknown,women,casual | party | formal | office,summer,false,Beige,Beige,beige,beige,earth,BEIGE | BEIGE | BEIGE | BEIGE | BEIGE | BEIGE,trendy,18 June 2026 | 18-06-2026 | 2026 | 36 | 37 | 38 | 39 | 40 | 41 | B12-Casual | B20-Conforto | B50-Slipper | Beige | Borjan | BW11345 | BW11345-BEIGE | Comfort | Footwear | June | June 2026 | Khuly Jutty | main.summer | NewIn | Open | Open Footwear | Open Jutty | Open Juty | Open Shoe | Open Shoes | PKR 4001 to PKR 5000 | Skywalk | SkywalkWomen | slipar | Sliper | slipper | Summer | Summer Collection | Summer Footwear | Summer Shoes | WFootwear,4600,PKR,https://www.borjan.com.pk/products/bw11345-beige-women-comfort-slipper,https://cdn.shopify.com/s/files/1/0083/8405/3305/files/1_9f7a76d5-b628-4c29-b7ae-d84f53520ffb.png?v=1781769366
Borjan,Women Comfort Sandal-BEIGE,"Experience all-day comfort with our Women Comfort Sandal, designed for effortless style and support. Featuring a cushioned footbed that molds to your foot's natural contours, these sandals provide gentle arch support for extended wear. The lightweight construction and breathable materials keep your feet cool and comfortable throughout the day. Perfect for casual outings, errands, or relaxing at home, this versatile sandal combines practicality with contemporary design. Slip them on and enjoy the perfect balance of comfort and elegance.",shoes,sandal,other,slip-on,unknown,women,casual | party,summer,false,Beige,Beige,beige,beige,earth,BEIGE | BEIGE | BEIGE | BEIGE | BEIGE | BEIGE | BEIGE,trendy,17 June 2026 | 17-06-2026 | 2026 | 36 | 37 | 38 | 39 | 40 | 41 | 42 | B12-Casual | B20-Relaxation | B51-Sandal | Beige | Borjan | BW11342 | BW11342-BEIGE | Comfort | Footwear | June | June 2026 | Khuly Jutty | main.summer | NewIn | Open | Open Footwear | Open Jutty | Open Juty | Open Shoe | Open Shoes | PKR 5001 and Above | sanda | sandal | sandals | Skywalk | SkywalkWomen | Summer | Summer Collection | Summer Footwear | Summer Shoes,7800,PKR,https://www.borjan.com.pk/products/bw11342-beige-women-comfort-sandal,https://cdn.shopify.com/s/files/1/0083/8405/3305/files/1_118da7a9-de54-415a-b818-98e6a4fef42e.png?v=1781698222
Borjan,Women Comfort Sandal-BLACK,"Experience all-day comfort with our Women Comfort Sandal, designed for effortless style and support. Featuring a cushioned footbed that molds to your foot's natural contours, these sandals provide gentle arch support for extended wear. The lightweight construction and breathable materials keep your feet cool and comfortable throughout the day. Perfect for casual outings, errands, or relaxing at home, this versatile sandal combines practicality with contemporary design. Slip them on and enjoy the perfect balance of comfort and elegance.",shoes,sandal,other,slip-on,unknown,women,casual | party,summer,false,Black,Black,black,black,neutral,BLACK | BLACK | BLACK | BLACK | BLACK | BLACK | BLACK,trendy,11 June 2026 | 11-06-2026 | 2026 | 36 | 37 | 38 | 39 | 40 | 41 | 42 | B12-Casual | B20-Relaxation | B51-Sandal | Black | Borjan | BW11336 | BW11336-BLACK | Comfort | Footwear | June | June 2026 | Khuly Jutty | main.summer | NewIn | Open | Open Footwear | Open Jutty | Open Juty | Open Shoe | Open Shoes | PKR 5001 and Above | sanda | sandal | sandals | Skywalk | SkywalkWomen | Summer | Summer Collection | Summer Footwear | Summer Shoes,7900,PKR,https://www.borjan.com.pk/products/bw11336-black-women-comfort-sandal,https://cdn.shopify.com/s/files/1/0083/8405/3305/files/1_ce9c416a-b30f-494d-a285-c99d49f66b4c.png?v=1781180184
Borjan,Women Comfort Sandal-TEA PINK,"Experience all-day comfort with our Women Comfort Sandal, designed for effortless style and support. Featuring a cushioned footbed that molds to your foot's natural contours, these sandals provide gentle arch support for extended wear. The lightweight construction and breathable materials keep your feet cool and comfortable throughout the day. Perfect for casual outings, errands, or relaxing at home, this versatile sandal combines practicality with contemporary design. Slip them on and enjoy the perfect balance of comfort and elegance.",shoes,sandal,other,slip-on,unknown,women,casual | party,summer,false,Pink,Pink,pink,pink,pink,TEA PINK | TEA PINK | TEA PINK | TEA PINK | TEA PINK | TEA PINK | TEA PINK,trendy,11 June 2026 | 11-06-2026 | 2026 | 36 | 37 | 38 | 39 | 40 | 41 | 42 | B12-Casual | B20-Relaxation | B51-Sandal | Borjan | BW11336 | BW11336-TEA PINK | Comfort | Footwear | June | June 2026 | Khuly Jutty | main.summer | NewIn | Open | Open Footwear | Open Jutty | Open Juty | Open Shoe | Open Shoes | PKR 5001 and Above | sanda | sandal | sandals | Skywalk | SkywalkWomen | Summer | Summer Collection | Summer Footwear | Summer Shoes | TEA PINK,7900,PKR,https://www.borjan.com.pk/products/bw11336-tea-pink-women-comfort-sandal,https://cdn.shopify.com/s/files/1/0083/8405/3305/files/1_741b93f1-ebef-45c9-b8da-2e2c2412dc78.png?v=1781180248
Borjan,Women Comfort Sandal-BLACK,"Experience all-day comfort with our Women Comfort Sandal, designed for effortless style and support. Featuring a cushioned footbed that molds to your foot's natural contours, these sandals provide relief during long hours of wear. The lightweight construction and breathable materials keep your feet cool and comfortable in warm weather. Perfect for casual outings, errands, or relaxing at home, this versatile sandal combines practicality with contemporary design. Slip them on and enjoy the perfect balance of comfort and elegance.",shoes,sandal,other,slip-on,flat,women,casual | party,summer | winter,false,Black,Black,black,black,neutral,BLACK | BLACK | BLACK | BLACK | BLACK | BLACK,trendy,12 June 2026 | 12-06-2026 | 2026 | 36 | 37 | 38 | 39 | 40 | 41 | B12-Casual | B20-GEN-Z | B61-Sandal | Black | Borjan | BW11332 | BW11332-BLACK | Flat | flats | Footwear | June | June 2026 | Khuly Jutty | main.summer | NewIn | Open | Open Footwear | Open Jutty | Open Juty | Open Shoe | Open Shoes | PKR 4001 to PKR 5000 | sanda | sandal | sandals | Summer | Summer Collection | Summer Footwear | Summer Shoes | WFootwear | wmain.summer,4400,PKR,https://www.borjan.com.pk/products/bw11332-black-women-comfort-sandal,https://cdn.shopify.com/s/files/1/0083/8405/3305/files/1_c658fadf-eb66-4950-bc17-db349d5670fa.png?v=1781241548
Hush Puppies,Vogue Mali,"These moccasins feature a durable PU upper that adds a sleek, polished look to your outfit. Giving it a touch of style. With soft cushioned insoles, these moccasins ensure your feet stay comfortable from morning to night, whether you’re running errands or meeting friends for brunch. The out sole provides lightweight support and flexibility, making every step feel effortless.",shoes,moccasin,other,slip-on,flat,women,casual | office | formal | eid,all-season,false,Black,Black | Beige | Pink,black,black | beige | pink,neutral,Black | Black | Black | Black | Black | Black | Tan | Tan | Tan | Tan | Tan | Tan,minimal | elegant,11.11-ALL | 11.11-WOMEN | 150 | 30 | 36 | 37 | 38 | 39 | 40 | 41 | All | All  Casual | All Black | All Shoes | aprilsale | AW-2024 | AW-2025 | AW25 | Beige | Beige Casual | bestsellers | Black | Black Casual | Casual | Casual/Outdoor | Causal / Outdoor | Deep Comfort | eidsale25 | FORMAL | Formal Shoes | Formals | maysale | Moccasins | Moccassins | new arrival | New Arrival-Women | new arrivals | New Arrivals Sticker | New-Arrivals-Women | Outdoor,4999,PKR,https://www.hushpuppies.com.pk/products/vogue-mali,https://cdn.shopify.com/s/files/1/0016/0074/9623/files/WOMEN_CLOSE_SHOE_BLACK.jpg?v=1770639639
Hush Puppies,Comfy Hoka Sendai Slippers,"These slippers are designed for all day comfort with every step. • Cushioned footbed: For soft, supported steps • Non-slip outsoles: For steady movement • Lightweight: Perfect for all-day wear",shoes,slipper,other,slip-on,flat,women,casual | office | formal | eid,all-season,false,Black,Black | Gold | Beige | Pink,black,black | golden | beige | pink,neutral,Pistachio | Pistachio | Pistachio | Pistachio | Pistachio | Pistachio | Tan | Tan | Tan | Tan | Tan | Tan | Beige | Beige | Beige | Beige | Beige | Beige,minimal | elegant,150 | 30 | 36 | 37 | 38 | 39 | 40 | 41 | All | All  Casual | All Black | All Flats_&_Slippers | All Golden | All Shoes | aprilsale | Beige | bestsellers | Black | Black Casual | Casual | Casual Flats | Casual/Outdoor | comfy | Deep Comfort | eidsale25 | Flats_&_Slippers | Footwear | maysale | new arrival | New Arrival-Women | new arrivals | New Arrivals Sticker | New-Arrivals-Women | Open | Pink | Shoes | SLIPPER | Slippers | spo-default | spo-disabled,5999,PKR,https://www.hushpuppies.com.pk/products/hoka-sendai,https://cdn.shopify.com/s/files/1/0016/0074/9623/files/GREEN_SLIPPER_COMFORT.jpg?v=1770646658
Hush Puppies,Cushioned Pick Kinder Slippers,"Your new go-to for everyday chic! Designed for comfort seekers, these double-strap slides come with matching metal buckles for that extra touch of finesse. Available in pink &amp; grey, because one pair is never enough! Premium comfort: Cushioned footbed that feels like walking on clouds Non-slip outsole: Stays comfy, grips strong. Occasion: Perfect for work, brunch, or just strolling around. Metal decorative buckles : A sleek details that ties it all together.",shoes,slipper,other,buckle,flat,women,casual | office | formal | eid,all-season,false,Beige,Beige | Black | Red | Green | Pink | Grey,beige,beige | black | rust | green | pink | grey,earth,Blk/Rust | Blk/Rust | Blk/Rust | Blk/Rust | Blk/Rust | Blk/Rust | Green | Green | Green | Green | Green | Green | Beg/Pnk | Beg/Pnk | Beg/Pnk | Beg/Pnk | Beg/Pnk | Beg/Pnk,minimal | elegant,150 | 30 | 36 | 37 | 38 | 39 | 40 | 41 | All | All  Casual | All Flats_&_Slippers | All Shoes | aprilsale | Beg/Pnk | Beige | bestsellers | Black | Blk/Rust | Casual | Casual Flats | Casual/Outdoor | comfy | Deep Comfort | eidsale25 | Flats_&_Slippers | Footwear | Green | maysale | new arrival | New Arrival-Women | new arrivals | New Arrivals Sticker | New-Arrivals-Women | Pink | Rust | Shoes | Slipper | Slippers | spo-default | spo-disabled,5999,PKR,https://www.hushpuppies.com.pk/products/pick-kinder,https://cdn.shopify.com/s/files/1/0016/0074/9623/files/Slipper_black_Brown_3140c7ed-2737-4442-a76c-a3123ae4c350.jpg?v=1770196024
Hush Puppies,Smack Cobalt,"A dreamy color for every occasion, designed with a decorative metal buckle and a chic bow, these open-toe heels add a perfect touch of charm to any occasion. Premium comfort: Cushioned footbed for lasting comfort. Non-slip outsole : For grippy steps. Heels: 1-inch covered block heel. Occasion: Ideal for festivities, office events or evening gatherings.",shoes,block-heel,other,buckle,platform,women,casual | office | formal | eid | party,all-season,false,Blue,Blue | Black | Pink | Brown,cobalt,cobalt | black | pink | tan,blue,TAN | TAN | TAN | TAN | TAN | TAN | Golden | Golden | Golden | Golden | Golden | Golden | Pink | Pink | Pink | Pink | Pink | Pink,minimal | elegant,150 | 30 | 36 | 37 | 38 | 39 | 40 | 41 | All | All  Casual | All Shoes | aprilsale | Black Heel & Wedges | Block Heel | Block Heels | Casual | Deep Comfort | eidsale25 | Formal Heels | Heel | Heel & Wedges | Heels | Kitten Heels | maysale | new arrival | New Arrival-Women | new arrivals | New Arrivals Sticker | New-Arrivals-Women | Pink | Shoes | SS26 | SS26 All | SS26 WOMEN | tan | Wedge Heels | Women | Women Block Heel | Women Block Heels | Women Casual,5499,PKR,https://www.hushpuppies.com.pk/products/slat-cobalt-copy,https://cdn.shopify.com/s/files/1/0016/0074/9623/files/Smack_Cobalt_TAN.jpg?v=1770717075
Hush Puppies,Stamp cobalt,"A dreamy color for every occasion, designed with a decorative metal buckle and a chic bow, these open-toe heels add a perfect touch of charm to any occasion. Premium comfort: Cushioned footbed for lasting comfort. Non-slip outsole : For grippy steps. Heels: 1-inch covered block heel. Occasion: Ideal for festivities, office events or evening gatherings.",shoes,block-heel,other,buckle,platform,women,casual | office | formal | eid | party,all-season,false,Blue,Blue | Black | Pink | Brown,cobalt,cobalt | black | pink | tan,blue,Beige | Beige | Beige | Beige | Beige | Beige | Black | Black | Black | Black | Black | Black,minimal | elegant,150 | 30 | 36 | 37 | 38 | 39 | 40 | 41 | All | All  Casual | All Shoes | aprilsale | bestsellers | Black | Black Heel & Wedges | Block Heel | Block Heels | Casual | Deep Comfort | eidsale25 | Formal Heels | Heel | Heel & Wedges | Heels | Kitten Heels | maysale | new arrival | New Arrival-Women | new arrivals | New Arrivals Sticker | New-Arrivals-Women | Pink | Shoes | SS26 | SS26 All | SS26 WOMEN | tan | Wedge Heels | Women | Women Block Heel,5999,PKR,https://www.hushpuppies.com.pk/products/stamp-cobalt,https://cdn.shopify.com/s/files/1/0016/0074/9623/files/Stamp_cobalt_White.jpg?v=1770712048
Hush Puppies,Cushioned Pump Kinder Slippers,"Your new go-to for everyday chic! Designed for comfort seekers, these double-strap slides come with matching metal buckles for that extra touch of finesse. Available in pink &amp; grey, because one pair is never enough! Premium comfort: Cushioned footbed that feels like walking on clouds Non-slip outsole: Stays comfy, grips strong. Occasion: Perfect for work, brunch, or just strolling around. Metal decorative buckles : A sleek detail that ties it all together.",shoes,pump,other,buckle,flat,women,casual | office | formal | eid,all-season,false,Green,Green | Pink | Grey,green,green | pink | grey,green,Tan | Tan | Tan | Tan | Tan | Tan | Pink | Pink | Pink | Pink | Pink | Pink,minimal | elegant,150 | 30 | 36 | 37 | 38 | 39 | 40 | 41 | All | All  Casual | All Flats_&_Slippers | All Shoes | aprilsale | Casual | Casual Flats | Casual/Outdoor | comfy | Deep Comfort | eidsale25 | Flats_&_Slippers | Footwear | Green | maysale | new arrival | New Arrival-Women | new arrivals | New Arrivals Sticker | New-Arrivals-Women | Pink | Shoes | Slipper | Slippers | SS26 | SS26 All | SS26 WOMEN | Women | Women Casual | Women Casuals | Women Flats | Women Open,5999,PKR,https://www.hushpuppies.com.pk/products/pump-kinder,https://cdn.shopify.com/s/files/1/0016/0074/9623/files/model_slipper_tan.jpg?v=1770606477
Hush Puppies,Trendy NIX Birken Slippers,"Your new go-to for everyday chic! Designed for comfort seekers, these double-strap slides come with matching metal buckles for that extra touch of finesse. Available in pink &amp; grey, because one pair is never enough! Premium comfort: Cushioned footbed that feels like walking on clouds Non-slip outsole: Stays comfy, grips strong. Occasion: Perfect for work, brunch, or just strolling around. Metal decorative buckles : A sleek detail that ties it all together.",shoes,slipper,other,buckle,flat,women,casual | office | formal | eid,all-season,false,Brown,Brown | Green | Blue | Pink | Grey,brown,brown | green | navy | pink | grey,earth,Navy | Navy | Navy | Navy | Navy | Navy | Brown | Brown | Brown | Brown | Brown | Brown | Green | Green | Green | Green | Green | Green,minimal | elegant,150 | 30 | 36 | 37 | 38 | 39 | 40 | 41 | All | All  Casual | All Flats_&_Slippers | All Shoes | aprilsale | bestsellers | brown | Casual | Casual Flats | Casual/Outdoor | comfy | Deep Comfort | eidsale25 | Flats_&_Slippers | Footwear | Green | maysale | navy | new arrival | New Arrival-Women | new arrivals | New Arrivals Sticker | New-Arrivals-Women | Shoes | Slipper | Slippers | SS26 | SS26 All | SS26 WOMEN | Women | Women Casual | Women Casuals,7999,PKR,https://www.hushpuppies.com.pk/products/nix-birken,https://cdn.shopify.com/s/files/1/0016/0074/9623/files/NIX_Birken_Blue.jpg?v=1770709984
Hush Puppies,Trendy SIA Birken Slippers,"Your new go-to for everyday chic! Designed for comfort seekers, these double-strap slides come with matching metal buckles for that extra touch of finesse. Available in pink &amp; grey, because one pair is never enough! Premium comfort: Cushioned footbed that feels like walking on clouds Non-slip outsole: Stays comfy, grips strong. Occasion: Perfect for work, brunch, or just strolling around. Metal decorative buckles : A sleek detail that ties it all together.",shoes,slipper,other,buckle,flat,women,casual | office | formal | eid,all-season,false,Black,Black | Green | Red | Pink | Grey,black,black | green | rust | pink | grey,neutral,Rust | Rust | Rust | Rust | Rust | Rust | Black | Black | Black | Black | Black | Black,minimal | elegant,150 | 30 | 36 | 37 | 38 | 39 | 40 | 41 | All | All  Casual | All Black | All Flats_&_Slippers | All Shoes | aprilsale | bestsellers | Black | Black Casual | Casual | Casual Flats | Casual/Outdoor | comfy | Deep Comfort | eidsale25 | Flats_&_Slippers | Footwear | Green | maysale | new arrival | New Arrival-Women | new arrivals | New Arrivals Sticker | New-Arrivals-Women | Rust | Shoes | Slipper | Slippers | spo-default | spo-disabled | SS26 | SS26 All,7999,PKR,https://www.hushpuppies.com.pk/products/sia-birken,https://cdn.shopify.com/s/files/1/0016/0074/9623/files/women_slipper.jpg?v=1770638773
Hush Puppies,Comfy Mink Sendai Sandals,"Step into summer bliss with Mink sandals – your ultimate companions for shopping sprees and outdoor activities alike. Perfectly paired with your favourite summer dresses, these sandals offer all-day comfort and effortless style to keep you going from sunrise to sunset. Don't let summer pass you by without adding these essentials to your wardrobe!",shoes,sandal,sandals,buckle,unknown,women,casual | summer | eid,summer,false,Black,Black | Brown,black,black | tan,neutral,Black | Black | Black | Black | Black | Black | Tan | Tan | Tan | Tan | Tan | Tan,minimal,150 | 30 | 36 | 37 | 38 | 39 | 40 | 41 | All | All  Casual | All Black | All Shoes | aprilsale | bestsellers | Black | Casual | Casual Sandals | Casual/Outdoor | comfy | Comfy Sandals | Deep Comfort | eidsale25 | Footwear | maysale | Multi Strap Sandal | new arrival | New Arrival-Women | new arrivals | New Arrivals Sticker | New-Arrivals-Women | SANDAL | Sandals | Shoes | spo-default | spo-disabled | SS26 | SS26 All | SS26 WOMEN | tan | Women,5999,PKR,https://www.hushpuppies.com.pk/products/mink-sendai,https://cdn.shopify.com/s/files/1/0016/0074/9623/files/BLACK_SANDLE.jpg?v=1770647502
Hush Puppies,Cushioned Peak Kinder Slippers,"Your new go-to for everyday chic! Designed for comfort seekers, these double-strap slides come with matching metal buckles for that extra touch of finesse. Available in pink &amp; grey, because one pair is never enough! Premium comfort: Cushioned footbed that feels like walking on clouds Non-slip outsole: Stays comfy, grips strong. Occasion: Perfect for work, brunch, or just strolling around. Metal decorative buckles : A sleek detail that ties it all together.",shoes,slipper,other,buckle,flat,women,casual | office | formal | eid,all-season,false,Beige,Beige | Grey | Green | Pink,beige,beige | grey | pistachio | pink,earth,Beige | Beige | Beige | Beige | Beige | Beige | Pistachio | Pistachio | Pistachio | Pistachio | Pistachio | Pistachio | Grey | Grey | Grey | Grey | Grey | Grey,minimal | elegant,150 | 30 | 36 | 37 | 38 | 39 | 40 | 41 | All | All  Casual | All Flats_&_Slippers | All Shoes | aprilsale | Beige | Beige Casual | Casual | Casual Flats | Casual/Outdoor | comfy | Deep Comfort | eidsale25 | Flats_&_Slippers | Footwear | grey | maysale | new arrival | New Arrival-Women | new arrivals | New Arrivals Sticker | New-Arrivals-Women | Pistachio | Shoes | Slipper | Slippers | SS26 | SS26 All | SS26 WOMEN | Women | Women Casual | Women Casuals,5999,PKR,https://www.hushpuppies.com.pk/products/peak-kinder,https://cdn.shopify.com/s/files/1/0016/0074/9623/files/BEIGE_COMFORT_SLIDE_WOMEN.jpg?v=1770648094
Hush Puppies,Non-Slip Huli Surrey Slippers,"Your new go-to for everyday chic! Designed for comfort seekers, these double-strap slides come with matching metal buckles for that extra touch of finesse. Available in pink &amp; grey, because one pair is never enough! Premium comfort: Cushioned footbed that feels like walking on clouds Non-slip outsole: Stays comfy, grips strong. Occasion: Perfect for work, brunch, or just strolling around. Metal decorative buckles : A sleek detail that ties it all together.",shoes,slipper,other,buckle,flat,women,casual | office | formal | eid,all-season,false,Beige,Beige | Brown | Pink | Grey,beige,beige | brown | pink | grey,earth,Brown | Brown | Brown | Brown | Brown | Brown | Pink | Pink | Pink | Pink | Pink | Pink,minimal | elegant,150 | 30 | 36 | 37 | 38 | 39 | 40 | 41 | All | All  Casual | All Flats_&_Slippers | All Shoes | aprilsale | Beige Casual | brown | Casual | Casual Flats | Casual/Outdoor | comfy | Deep Comfort | eidsale25 | Flats_&_Slippers | Footwear | maysale | new arrival | New Arrival-Women | new arrivals | New Arrivals Sticker | New-Arrivals-Women | Pink | Shoes | Slipper | Slippers | SS26 | SS26 All | SS26 WOMEN | Women | Women Casual | Women Casuals | Women Flats,4999,PKR,https://www.hushpuppies.com.pk/products/huli-surrey,https://cdn.shopify.com/s/files/1/0016/0074/9623/files/StRIP_SLIPPER_WOMEN_HP.jpg?v=1770644948
Hush Puppies,Cushioned Pale Kinder Sandals,"Step into summer bliss with Kinder sandals – your ultimate companions for shopping sprees and outdoor activities alike. Perfectly paired with your favourite summer dresses, these sandals offer all-day comfort and effortless style to keep you going from sunrise to sunset. Don't let summer pass you by without adding these essentials to your wardrobe!",shoes,sandal,sandals,buckle,unknown,women,casual | summer | eid,summer,false,Beige,Beige | Brown,beige,beige | brown,earth,Tan | Tan | Tan | Tan | Tan | Tan | Brown | Brown | Brown | Brown | Brown | Brown | Cran Berry | Cran Berry | Cran Berry | Cran Berry | Cran Berry | Cran Berry,minimal,150 | 30 | 36 | 37 | 38 | 39 | 40 | 41 | All | All  Casual | All Shoes | aprilsale | Beige | bestsellers | brown | Casual | Casual Sandals | Casual/Outdoor | comfy | Comfy Sandals | Deep Comfort | eidsale25 | Footwear | maysale | Multi Strap Sandal | new arrival | New Arrival-Women | new arrivals | New Arrivals Sticker | New-Arrivals-Women | SANDAL | Sandals | Shoes | spo-default | spo-disabled | SS26 | SS26 All | SS26 WOMEN | tan | Women,5999,PKR,https://www.hushpuppies.com.pk/products/cushioned-pale-kinder-sandals,https://cdn.shopify.com/s/files/1/0016/0074/9623/files/WOMEN_LEG_SHOT_BROWN.jpg?v=1770901432
Hush Puppies,Hally Brunei,"These mules feature a durable upper that adds a sleek, polished look to your outfit. The decorative metal chain detail elevates the design, giving it a touch of style. With soft cushioned insoles, these mules ensure your feet stay comfortable from morning to night, whether you’re running errands or meeting friends for brunch. The outsole provides lightweight support and flexibility, making every step feel effortless.",shoes,mule,other,slip-on,flat,women,casual | office | formal | eid,all-season,false,Black,Black | Beige | Brown,black,black | beige | brown,neutral,Grey | Grey | Grey | Grey | Grey | Grey | Soyasauce | Soyasauce | Soyasauce | Soyasauce | Soyasauce | Soyasauce | Brown | Brown | Brown | Brown | Brown | Brown,minimal | elegant,150 | 30 | 36 | 37 | 38 | 39 | 40 | 41 | All | All  Casual | All Black | All Shoes | aprilsale | Beige | bestsellers | Black | Black Casual | brown | brown CASUAL | Casual | Deep Comfort | eidsale25 | maysale | Mule Shoes | Mules | NBK Soyasauce | new arrival | New Arrival-Women | new arrivals | New Arrivals Sticker | New-Arrivals-Women | Shoes | spo-default | spo-disabled | SS26 | SS26 All | SS26 WOMEN | Women | Women Casual | Women Casual Flats,3999,PKR,https://www.hushpuppies.com.pk/products/hally-brunei,https://cdn.shopify.com/s/files/1/0016/0074/9623/files/1_d6cf7d3f-ffb7-4428-ba4b-07ac2a61f476.jpg?v=1771241591
Hush Puppies,Hash Hype,"Your everyday go-to sneakers, crafted for all-day comfort and effortless style. Designed to move with you, wherever your day takes you. Plush cushioned support: Keeps your feet feeling soft and supported all day long. Durable grippy outsole: Ensures flexible, stable steps on any surface. Versatile wear: Perfect for casual outings, daily errands, or your on-the-go lifestyle.",shoes,sneaker,other,slip-on,unknown,women,casual | office | formal | eid,all-season,false,Black,Black | Grey | Pink,black,black | grey | pink,neutral,Navy | Navy | Navy | Navy | Navy | Navy | Grey | Grey | Grey | Grey | Grey | Grey | Burgundy | Burgundy | Burgundy | Burgundy | Burgundy | Burgundy,minimal | elegant,11.11-ALL | 150 | 30 | 36 | 37 | 38 | 39 | 40 | 41 | All | All  Casual | All Black | All Shoes | aprilsale | AW-2024 | AW-2024 Women | bestsellers | Black | Black Casual | Casual | Casual Women | Casual/Outdoor | Closed | comfy | Deep Comfort | eidsale25 | Footwear | grey | Hajj | Hajj Women | maysale | new arrival | New Arrival-Women | new arrivals | New Arrivals Sticker | New-Arrivals-Women | Pink | Shoes | sneaker | Sneakers,4999,PKR,https://www.hushpuppies.com.pk/products/hash-hype,https://cdn.shopify.com/s/files/1/0016/0074/9623/files/2_670a460b-adaf-4dcf-9d9d-3b9a25e4301e.jpg?v=1771703817
Hush Puppies,Evaa LEPF,"These mules feature a durable upper that adds a sleek, polished look to your outfit. The decorative metal chain detail elevates the design, giving it a touch of style. With soft cushioned insoles, these mules ensure your feet stay comfortable from morning to night, whether you’re running errands or meeting friends for brunch. The outsole provides lightweight support and flexibility, making every step feel effortless.",shoes,mule,other,slip-on,flat,women,casual | office | formal | eid,winter,false,Black,Black | Beige | Brown,black,black | beige | brown,neutral,Tan | Tan | Tan | Tan | Tan | Tan | Lilac | Lilac | Lilac | Lilac | Lilac | Lilac | Black | Black | Black | Black | Black | Black,minimal | elegant,11.11-ALL | 11.11-WOMEN | 150 | 36 | 37 | 38 | 39 | 40 | 41 | 50 | All | All  Casual | All Black | All Shoes | aprilsale | AW-2024 | AW-2024 Women | AW25 | AzadiSale2025 | Beige | bestsellers | Black | Black Casual | brown | brown CASUAL | Casual | Deep Comfort | EID 2025 | eidsale25 | markdown-2026 | maysale | Mule Shoes | Mules | new arrival | New Arrival-Women | new arrivals | New Arrivals Sticker | New-Arrivals-Women | Shoes | spo-default,2500,PKR,https://www.hushpuppies.com.pk/products/evaa-lepf,https://cdn.shopify.com/s/files/1/0016/0074/9623/files/DSC00950_e4760bd5-01ae-472d-ae5e-011a0b109efe.jpg?v=1757509288
Hush Puppies,Luna LEPF,"Start your day with these comfy mules, featuring cushioned insoles and flexible anti-slip outsoles that make these shoes adjusted to your natural steps. Perfect for busy days and casual outings.",shoes,mule,other,slip-on,flat,women,casual | office | formal | eid,winter,false,Black,Black | Beige | Blue,black,black | beige | navy,neutral,Black | Black | Black | Black | Black | Black | Beige | Beige | Beige | Beige | Beige | Beige | Navy | Navy | Navy | Navy | Navy | Navy,minimal | elegant,11.11-ALL | 11.11-WOMEN | 150 | 36 | 37 | 38 | 39 | 40 | 41 | 50 | All | All  Casual | All Black | All Shoes | aprilsale | AW-2024 | AW-2024 Women | AW25 | AzadiSale2025 | Beige | bestsellers | Black | Black Casual | Casual | Deep Comfort | eidsale25 | markdown-2026 | maysale | Mule Shoes | Mules | navy | new arrival | New Arrival-Women | new arrivals | New Arrivals Sticker | New-Arrivals-Women | Shoes | spo-default | spo-disabled | SS-25,2500,PKR,https://www.hushpuppies.com.pk/products/luna-lepf,https://cdn.shopify.com/s/files/1/0016/0074/9623/files/DSC00957.jpg?v=1757509301
Hush Puppies,Belle LEPF,"These mules are crafted from soft, textured materials giving you timeless look, ensuring lasting durability and comfort. With their sleek and minimal aesthetic, these mules are a flawless addition to your wardrobe, pairing perfectly with a range of outfits for a polished, seamless look.",shoes,pump,sandals,slip-on,flat,women,casual | summer | eid,winter,false,Black,Black | Grey,black,black | grey,neutral,Black | Black | Black | Black | Black | Black | Grey | Grey | Grey | Grey | Grey | Grey | Pink | Pink | Pink | Pink | Pink | Pink,minimal,11.11-ALL | 11.11-WOMEN | 11.11All | 11.11Women | 150 | 30 | 36 | 37 | 38 | 39 | 40 | 41 | All | All  Casual | All Black | All Shoes | aprilsale | AW-2024 | AW-2024 Women | AW25 | AzadiSale2025 | bestsellers | Black | Black Casual | Casual | Deep Comfort | eid2025Sale | eidsale25 | grey | markdown-2026 | maysale | Mule Shoes | Mules | new arrival | New Arrival-Women | new arrivals | New Arrivals Sticker | New-Arrivals-Women | Pumps | SANDAL,3499,PKR,https://www.hushpuppies.com.pk/products/belle-lepf,https://cdn.shopify.com/s/files/1/0016/0074/9623/files/IMG_0150.jpg?v=1757509397
Hush Puppies,Tiana LEPF,"These chic mules are crafted from soft, textured materials, featuring a well-finished surface that mimics the look and feel of real leather while ensuring both comfort and durability. Superior comfort and flexibility make these mules ideal for all-day wear allowing for natural foot movement and a relaxed fit. Their sleek and minimal design makes them a perfect match for your neutral outfits, seamlessly integrating into your wardrobe for a polished look.",shoes,pump,sandals,slip-on,flat,women,casual | summer | eid,winter,false,Blue,Blue | Pink,blue,blue | pink,blue,Blue | Blue | Blue | Blue | Blue | Blue | Pink | Pink | Pink | Pink | Pink | Pink,minimal,11.11-ALL | 11.11-WOMEN | 11.11All | 11.11Women | 150 | 36 | 37 | 38 | 39 | 40 | 41 | 50 | All | All  Casual | All Shoes | aprilsale | AW-2024 | AW-2024 Women | AW25 | AzadiSale2025 | bestsellers | Blue | Casual | Deep Comfort | eid2025Sale | eidsale25 | markdown-2026 | maysale | Mule Shoes | Mules | new arrival | New Arrival-Women | new arrivals | New Arrivals Sticker | New-Arrivals-Women | Pink | Pumps | SANDAL | Sandals | Shoes,2250,PKR,https://www.hushpuppies.com.pk/products/tiana-lepf,https://cdn.shopify.com/s/files/1/0016/0074/9623/files/IMG_0185.jpg?v=1757509399
Hush Puppies,Move Barie,"Lightweight and comfortable for daily wear, these EVA thongs are your go-to for summer.",shoes,slide,other,slip-on,flat,women,casual | office | formal | eid,summer,false,Blue,Blue | Brown,blue,blue | tan,blue,Tan | Tan | Tan | Tan | Tan | Tan | Blue | Blue | Blue | Blue | Blue | Blue,minimal | elegant,150 | 30 | 36 | 37 | 38 | 39 | 40 | 41 | All | All  Casual | All Shoes | aprilsale | Blue | Casual | Casual/Outdoor | Deep Comfort | eidsale25 | EVA | Footwear | Hajj | Hajj Women | Hajj2025Women | maysale | new arrival | New Arrival-Women | new arrivals | New-Arrivals-Sticker | Shoes | Slide | Slides | Slipper | Slippers | spo-default | spo-disabled | tan | Women | Women Casual | Women Casuals | Women Flats | Women Open,3499,PKR,https://www.hushpuppies.com.pk/products/move-barie,https://cdn.shopify.com/s/files/1/0016/0074/9623/files/1_7dcd940b-eeda-4611-8611-67e6f07baa5a.jpg?v=1770098072
Hush Puppies,Lama Barrie,"Lightweight and comfortable for daily wear, these EVA thongs are your go-to for summer.",shoes,slide,other,slip-on,flat,women,casual | office | formal | eid,summer,false,Pink,Pink,pink,pink,pink,Pink | Pink | Pink | Pink | Pink | Pink | Mouse | Mouse | Mouse | Mouse | Mouse | Mouse,minimal | elegant,150 | 30 | 36 | 37 | 38 | 39 | 40 | 41 | All | All  Casual | All Shoes | aprilsale | Casual | Casual/Outdoor | Deep Comfort | eidsale25 | EVA | Footwear | Hajj | Hajj Women | Hajj2025Women | maysale | Mouse | new arrival | New Arrival-Women | new arrivals | New-Arrivals-Sticker | Pink | Shoes | Slide | Slides | Slipper | Slippers | spo-default | spo-disabled | SS26 | SS26 All | SS26 WOMEN | Women | Women Casual,3499,PKR,https://www.hushpuppies.com.pk/products/lama-barie,https://cdn.shopify.com/s/files/1/0016/0074/9623/files/1_66b77f8f-87d0-4522-804b-0294726d93b4.jpg?v=1770097465
Hush Puppies,HD-WN-0049-F,"Step into lightweight comfort with the HD-WN-0049-F Women's Open Vamp Slipper, designed for effortless everyday wear. Crafted with a breathable textile upper and a durable EVA sole, this sandal ensures flexibility, cushioning, and long-lasting support. Key Features: Lightweight EVA sole for shock absorption Soft and breathable textile upper Open vamp design for easy wear Flexible construction for natural movement Durable outsole for steady grip Ideal for casual and everyday wear",shoes,slide,flats,slip-on,flat,women,office | casual | eid,summer,false,Black,Black | Beige | Blue,black,black | camel | blue,neutral,Chocolate Brown | Chocolate Brown | Chocolate Brown | Chocolate Brown | Chocolate Brown | Chocolate Brown | Chocolate Brown | Beige | Beige | Beige | Beige | Beige | Beige | Beige | Brown | Brown | Brown | Brown | Brown | Brown,minimal,36 | 37 | 38 | 39 | 40 | 41 | 42 | 43 | 44 | 45 | All | All Black | All Camel | All Flats_&_Slippers | Beige | Blue | eidsale25 | Flats_&_Slippers | Girls Slides | Shoes | Slide | Slides | SLIPPER | Slippers | spo-default | spo-disabled | SS26 | SS26 All | SS26 WOMEN | WOMEN | Women Slides,3499,PKR,https://www.hushpuppies.com.pk/products/hd-wn-0049-f,https://cdn.shopify.com/s/files/1/0016/0074/9623/files/1_b61a69c1-bd92-4a0b-b9fe-2da9b829a58d.jpg?v=1780394255
Hush Puppies,Fin Clara,"Lightweight &amp; durable: Perfect for all-day wear, rain or shine. Details: The HP metal trim adds a refined touch to your summer wardrobe. Easy to wear: Slip-on design for hassle-free styling.",shoes,sandal,sandals,buckle,unknown,women,casual | summer | eid,summer | winter,false,Black,Black | Blue,black,black | navy,neutral,Navy | Navy | Navy | Navy | Navy | Navy | Olive | Olive | Olive | Olive | Olive | Olive | Fuchsia | Fuchsia | Fuchsia | Fuchsia | Fuchsia | Fuchsia | Black | Black,minimal,11.11-ALL | 11.11-WOMEN | 150 | 36 | 37 | 38 | 39 | 40 | 41 | All | All  Casual | All Black | All Shoes | all23march | aprilsale | AW-2024 | AW-2024 Women | AzadiSale2025 | bestsellers | Black | Black Casual | Casual | Casual Sandals | Comfy Sandals | Deep Comfort | EID 2025 | eid2025Sale | eidsale25 | markdown-2026 | Multi Strap Sandal | navy | new arrival | New Arrival-Women | new arrivals | New Arrivals Sticker | New-Arrivals-Women | SANDAL | Sandals | Shoes | spo-default,1399,PKR,https://www.hushpuppies.com.pk/products/fin-clara,https://cdn.shopify.com/s/files/1/0016/0074/9623/files/IMG_2499.jpg?v=1757509283
Hush Puppies,FREYA LEPF,"These sling back mules delivers superior cushioning and flexibility, making them perfect for all-day wear. Designed with slip-lasted construction, provide a seamless fit that adapts to the natural movement of your feet. Freya LEPF is the perfect addition to your wardrobe for a stylish, comfortable look every time.",shoes,pump,sandals,slip-on,flat,women,casual | summer | eid,winter,false,Black,Black | Brown | Green,black,black | brown | green,neutral,Green | Green | Green | Green | Green | Green | Black | Black | Black | Black | Black | Black | Brown | Brown | Brown | Brown | Brown | Brown,minimal,11.11-ALL | 11.11-WOMEN | 11.11All | 11.11Women | 150 | 36 | 37 | 38 | 39 | 40 | 41 | 50 | All | All  Casual | All Shoes | aprilsale | AW-2024 | AW-2024 Women | AW25 | AzadiSale2025 | bestsellers | Black | Brown | Casual | Deep Comfort | eid2025Sale | eidsale25 | Green | markdown-2026 | maysale | Mule Shoes | Mules | new arrival | New Arrival-Women | new arrivals | New Arrivals Sticker | New-Arrivals-Women | Pumps | SANDAL | Sandals,2400,PKR,https://www.hushpuppies.com.pk/products/freya-lepf,https://cdn.shopify.com/s/files/1/0016/0074/9623/files/IMG_9783.jpg?v=1757509409
Hush Puppies,Jeong ALLS,"Discover sleek minimalism with the Jeong ALLS, embodies a clean, streamlined aesthetic that's perfect for elevating your everyday look. Enhanced comfort and support for all-day wear. Their neutral finish makes them the go-to choice for effortlessly pairing with any ensemble, while guarantees durability without compromising on comfort.",shoes,slipper,sandals,buckle,flat,women,casual | summer | eid,winter,false,Beige,Beige | Black,beige,beige | black,earth,Black | Black | Black | Black | Black | Black | Burgundy | Burgundy | Burgundy | Burgundy | Burgundy | Burgundy | Beige | Beige | Beige | Beige | Beige | Beige,minimal,11.11-ALL | 11.11-WOMEN | 11.11All | 11.11Women | 150 | 36 | 37 | 38 | 39 | 40 | 41 | 50 | All | All  Casual | All Flats_&_Slippers | All Shoes | aprilsale | AW-2024 | AW-2024 Women | AzadiSale2025 | Beige | bestsellers | Black | Blessed24-ALL | Blessed24-WOMEN | Casual | Casual Flats | Casual Sandals | Casual/Outdoor | Comfy Sandals | Deep Comfort | eid2025Sale | eidsale25 | Flat | Flats | Flats_&_Slippers | Footwear | markdown-2026 | maysale | Multi Strap Sandal,2500,PKR,https://www.hushpuppies.com.pk/products/jeong-alls,https://cdn.shopify.com/s/files/1/0016/0074/9623/files/IMG_9756.jpg?v=1757509406
Hush Puppies,ARYA BZCC,"Bright, happy, and comfortable, these cute and colorful outdoor shoes are going to be loved by you! Soft uppers with cross-strap for great grip, a velcro closure for easy on/off and flexible support and padded insole for added comfort. Arya BZCC will be your go-to sandal this season.",shoes,sandal,sandals,buckle,unknown,women,casual | summer | eid,summer | winter,false,Beige,Beige | Black | Red | Gold,beige,beige | black | burgundy | golden,earth,Beige | Beige | Beige | Beige | Beige | Beige | Black | Black | Black | Black | Black | Black | Burgundy | Burgundy | Burgundy | Burgundy | Burgundy | Burgundy,minimal,11.11-ALL | 11.11-WOMEN | 11.11All | 11.11Women | 150 | 36 | 37 | 38 | 39 | 40 | 41 | 50 | All | All  Casual | All Shoes | aprilsale | azadisale2024 | azadisale2024women | AzadiSale2025 | Beige Black | bestsellers | Blessed24-ALL | Blessed24-WOMEN | Burgundy | Casual | Casual Sandals | Comfy Sandals | Deep Comfort | eid2025Sale | Eidsale2024 | eidsale25 | Golden | markdown-2026 | maysale | Multi Strap Sandal | Outdoor | Sandal | Sandals | Shoes | spo-default,4250,PKR,https://www.hushpuppies.com.pk/products/arya-bzcc,https://cdn.shopify.com/s/files/1/0016/0074/9623/files/IMG_9183.jpg?v=1757509661
Hush Puppies,Brite Jells Quarter Strap,"Brite Jells Sandals are your go-to for that carefree summer drip. Lightweight, non-slip, and made for all-day ease, these sandals are made to move, groove, and get noticed.",shoes,sandal,sandals,buckle,unknown,women,casual | summer | eid,summer | winter,false,Black,Black | Red | Teal | Yellow,black,black | red | turquoise | yellow,neutral,Black | Black | Black | Black | Black | Red | Red | Red | Red | Red | Yellow | Yellow | Yellow | Yellow | Yellow | Turquoise | Turquoise | Turquoise | Turquoise | Turquoise,minimal,10 | 11.11-ALL | 11.11-WOMEN | 11.11All | 11.11Women | 150 | 50 | 6 | 7 | 8 | 9 | All | All  Casual | All Shoes | all23march | aprilsale | AW-2023 | azadisale2024 | azadisale2024women | AzadiSale2025 | Black | Blessed24-ALL | Blessed24-WOMEN | Brite Jells | Casual | Casual Sandals | Comfy Sandals | Deep Comfort | eid2025Sale | Eidsale2024 | eidsale25 | markdown-2026 | maysale | Multi Strap Sandal | new arrival | New Arrival-Women | new arrivals | New-Arrivals-Sticker | New-Arrivals-Women | Red,3500,PKR,https://www.hushpuppies.com.pk/products/brite-jells-quarter-strap,https://cdn.shopify.com/s/files/1/0016/0074/9623/files/IMG_5652_146916ef-4a62-49a7-be02-88048f185511.jpg?v=1757509614
Hush Puppies,HD-WN-0038,"Step into the ultimate summer sandals, made with soft upper materials. The cushioned insole ensure all-day comfort along with additional support, flexibility, and durability. Whether you're heading to a summer barbecue or a day at the park, these sandals will keep you comfortable and stylish. Pair them with your favorite casual outfits for a laid-back summer look.",shoes,sandal,sandals,buckle,unknown,women,casual | summer | eid,summer | winter,false,Black,Black | Beige,black,black | khaki,neutral,Blue | Blue | Blue | Blue | Blue | Blue | Nude | Nude | Nude | Nude | Nude | Nude | Black | Black | Black | Black | Black | Black,minimal,11.11-ALL | 11.11-WOMEN | 11.11All | 11.11Women | 150 | 36 | 37 | 38 | 39 | 40 | 41 | All | All  Casual | All Black | All Shoes | aprilsale | azadisale2024 | azadisale2024women | AzadiSale2025 | Blessed24-ALL | Blessed24-WOMEN | Casual | Casual Sandals | Comfy Sandals | Deep Comfort | eid2025Sale | Eidsale2024 | eidsale25 | EVA | Hajj Women | khaki | markdown-2026 | Multi Strap Sandal | Nude | Open | SANDAL | Sandals | Shoes | spo-default | spo-disabled,3149,PKR,https://www.hushpuppies.com.pk/products/hd-wn-0038,https://cdn.shopify.com/s/files/1/0016/0074/9623/files/IMG_8347.jpg?v=1757509735
Hush Puppies,Fia Elise,"These sandals are designed to adds a touch of elegance, while the soft PU leather lining ensures a gentle feel against your skin. • Cushioned footbed: For premium comfort. • Flexible Movement: Adapts to your natural stride for all-day ease. • Non-Slip Outsole: Steady grip with every step.",shoes,sandal,sandals,buckle,flat,women,casual | summer | eid,all-season,false,Black,Black | Beige,black,black | beige,neutral,Beige | Beige | Beige | Beige | Beige | Beige | Black | Black | Black | Black | Black | Black,minimal,11.11-ALL | 11.11-WOMEN | 150 | 30 | 36 | 37 | 38 | 39 | 40 | 41 | All | All  Casual | All Black | All Shoes | aprilsale | AW-2024 | AW-2024 Women | AzadiSale2025 | Beige | bestsellers | Black | Black Casual | Casual | Casual Flats | Casual Sandals | Casual/Outdoor | comfy | Comfy Sandals | Deep Comfort | EID 2025 | eid2025Sale | eidsale25 | Footwear | Hajj Women | Hajj2025 | Hajj2025Women | markdown-2026 | maysale | Multi Strap Sandal | new arrival,4899,PKR,https://www.hushpuppies.com.pk/products/fia-elise,https://cdn.shopify.com/s/files/1/0016/0074/9623/files/IMG_5297.jpg?v=1757509010
Hush Puppies,Hem Olie,"These sandals are designed to adds a touch of elegance, while the soft PU leather lining ensures a gentle feel against your skin. • Cushioned footbed: For premium comfort. • Flexible Movement: Adapts to your natural stride for all-day ease. • Non-Slip Outsole: Steady grip with every step.",shoes,sandal,sandals,buckle,flat,women,casual | summer | eid,all-season,false,Black,Black | Brown | Beige,black,black | tan | skin,neutral,Tan | Tan | Tan | Tan | Tan | Tan | Black | Black | Black | Black | Black | Black,minimal,11.11-ALL | 11.11-WOMEN | 150 | 30 | 36 | 37 | 38 | 39 | 40 | 41 | All | All  Casual | All Black | All Shoes | aprilsale | AW-2024 | AW-2024 Women | AzadiSale2025 | bestsellers | Black | Black Casual | Casual | Casual Flats | Casual Sandals | Casual/Outdoor | comfy | Comfy Sandals | Deep Comfort | EID 2025 | eid2025Sale | eidsale25 | Footwear | Hajj Women | Hajj2025 | Hajj2025Women | maysale | Multi Strap Sandal | new arrival | New Arrival-Women | new arrivals,6499,PKR,https://www.hushpuppies.com.pk/products/hem-olie,https://cdn.shopify.com/s/files/1/0016/0074/9623/files/IMG_5390.jpg?v=1757509061
Hush Puppies,Zaib Rwanda,"Designed with clean monotone eyelets, this pair adds a modern edge to your summer essentials. • Cushioned footbed: For soft, supported steps • Non-slip outsoles: For steady movement • Lightweight: Perfect for all-day wear",shoes,sandal,sandals,buckle,flat,women,casual | summer | eid,summer,false,Black,Black,black,black,neutral,Stone | Stone | Stone | Stone | Stone | Stone | Black | Black | Black | Black | Black | Black,minimal,11.11-ALL | 11.11-WOMEN | 150 | 30 | 36 | 37 | 38 | 39 | 40 | 41 | All | All  Casual | All Black | All Shoes | aprilsale | AW-2024 | AW-2024 Women | AzadiSale2025 | bestsellers | Black | Black Casual | Casual | Casual Flats | Casual Sandals | Casual/Outdoor | comfy | Comfy Sandals | Deep Comfort | EID 2025 | eid2025Sale | eidsale25 | Footwear | Hajj2025 | Hajj2025Women | maysale | Multi Strap Sandal | new arrival | New Arrival-Women | new arrivals | New Arrivals Sticker,6999,PKR,https://www.hushpuppies.com.pk/products/zaib-rwanda,https://cdn.shopify.com/s/files/1/0016/0074/9623/files/IMG_4347_c3ce10f9-8034-4cc6-a4a5-02e22655b6f3.jpg?v=1757509065
Hush Puppies,Kade Ken,"These printed sandals are designed to adds a touch of elegance, while the soft fabric lining ensures a gentle feel against your skin. • Cushioned footbed: For premium comfort. • Flexible Movement: Adapts to your natural stride for all-day ease. • Non-Slip Outsole: Steady grip with every step.",shoes,sandal,sandals,buckle,flat,women,casual | summer | eid,all-season,false,Black,Black | Blue | Beige,black,black | blue | skin,neutral,Pink | Pink | Pink | Pink | Pink | Pink | Blue | Blue | Blue | Blue | Blue | Blue | Black | Black | Black | Black | Black | Black,minimal,11.11-ALL | 11.11-WOMEN | 150 | 36 | 37 | 38 | 39 | 40 | 41 | All | All  Casual | All Black | All Shoes | aprilsale | AW-2024 | AW-2024 Women | AzadiSale2025 | bestsellers | Black | Black Casual | Blue | Casual | Casual Flats | Casual Sandals | Casual/Outdoor | comfy | Comfy Sandals | Deep Comfort | EID 2025 | eid2025Sale | eidsale25 | Footwear | Hajj2025 | Hajj2025Women | markdown-2026 | Multi Strap Sandal | new arrival | New Arrival-Women | new arrivals | New Arrivals Sticker,2449,PKR,https://www.hushpuppies.com.pk/products/kade-ken,https://cdn.shopify.com/s/files/1/0016/0074/9623/files/IMG_5262.jpg?v=1757509117
Hush Puppies,Mild Montana,"Featuring a chic decorative O-ring that adds just the right amount of flair. Whether you're dressing up for brunch, heading to an office event, or stepping out for an evening gathering, these sandals fit every occasion with ease. Premium Comfort: Cushioned footbed that keeps your feet comfortable all day long. Non-Slip Outsole: Stability and grip for confident steps.",shoes,sandal,sandals,buckle,unknown,women,casual | summer | eid | formal | office | party,all-season,false,Black,Black | Beige,black,black | beige,neutral,Beige | Beige | Beige | Beige | Beige | Black | Black | Black | Black | Black,minimal,11.11-ALL | 11.11-WOMEN | 150 | 37 | 38 | 39 | 40 | 41 | 50 | All | All  Casual | All Black | All Shoes | aprilsale | AW-2024 | AW-2024 Women | AzadiSale2025 | Beige | bestsellers | Black | Casual | Casual Sandals | Casual/Outdoor | comfy | Comfy Sandals | Deep Comfort | EID 2025 | eid2025Sale | eidsale25 | Footwear | markdown-2026 | maysale | Multi Strap Sandal | new arrival | New Arrival-Women | new arrivals | New Arrivals Sticker | New-Arrivals-Women | SANDAL | Sandals,1500,PKR,https://www.hushpuppies.com.pk/products/mild-montana,https://cdn.shopify.com/s/files/1/0016/0074/9623/files/IMG_3460.jpg?v=1757509228
Hush Puppies,Bee Kinder,"Your go-to sandals with chic details that pop for all-day happy feet! Whether you're running errands, grabbing coffee, or just vibing, these multi-strap cuties are here to keep things comfy &amp; stylish. Premium comfort: Cushioned footbed feels like a hug to your feet. Non-slip outsole: Stays comfy, grips strong. Occasion: Perfect for work, brunch, or just strolling around.",shoes,sandal,sandals,buckle,unknown,women,casual | summer | eid | formal | office,all-season,false,Black,Black | Beige | Brown,black,black | beige | coffee,neutral,Tan | Tan | Tan | Tan | Tan | Tan | Beige | Beige | Beige | Beige | Beige | Beige | Black | Black | Black | Black | Black | Black,minimal,11.11-ALL | 11.11-WOMEN | 150 | 30 | 36 | 37 | 38 | 39 | 40 | 41 | All | All  Casual | All Black | All Shoes | aprilsale | AW-2024 | AW-2024 Women | AzadiSale2025 | Beige | bestsellers | Black | Black Casual | Casual | Casual Sandals | Casual/Outdoor | comfy | Comfy Sandals | Deep Comfort | EID 2025 | eid2025Sale | eidsale25 | Footwear | maysale | Multi Strap Sandal | new arrival | New Arrival-Women | new arrivals | New Arrivals Sticker | New-Arrivals-Women | SANDAL,4999,PKR,https://www.hushpuppies.com.pk/products/bee-kinder,https://cdn.shopify.com/s/files/1/0016/0074/9623/files/IMG_3115.jpg?v=1757509251
Hush Puppies,NIA Kinder,"Step into summer bliss with Kinder sandals – your ultimate companions for shopping sprees and outdoor activities alike. Perfectly paired with your favorite summer dresses, these sandals offer all-day comfort and effortless style to keep you going from sunrise to sunset. Don't let summer pass you by without adding these essentials to your wardrobe!",shoes,sandal,sandals,buckle,unknown,women,casual | summer | eid,summer,false,Black,Black | Beige | Brown,black,black | beige | tan,neutral,Black | Black | Black | Black | Black | Beige | Beige | Beige | Beige | Beige | Tan | Tan | Tan | Tan | Tan,minimal,11.11-ALL | 11.11-WOMEN | 11.11All | 11.11Women | 150 | 36 | 37 | 38 | 39 | 40 | 41 | 50 | All | All  Casual | All Black | All Shoes | aprilsale | azadisale2024 | azadisale2024women | AzadiSale2025 | Beige | bestsellers | Black | Blessed24-ALL | Blessed24-WOMEN | Casual | Casual Sandals | Casual/Outdoor | comfy | Comfy Sandals | Deep Comfort | eid2025Sale | Eidsale2024 | eidsale25 | Footwear | markdown-2026 | maysale | Multi Strap Sandal | new arrival | New Arrival-Women,3000,PKR,https://www.hushpuppies.com.pk/products/nia-kinder,https://cdn.shopify.com/s/files/1/0016/0074/9623/files/IMG_8419.jpg?v=1757509426
Hush Puppies,Petra Elise,"These sandals are designed to adds a touch of elegance, while the soft PU leather lining ensures a gentle feel against your skin. • Cushioned footbed: For premium comfort. • Flexible Movement: Adapts to your natural stride for all-day ease. • Non-Slip Outsole: Steady grip with every step.",shoes,sandal,sandals,buckle,flat,women,casual | summer | eid,all-season,false,Gold,Gold | Beige | Brown,golden,golden | beige | tan,earth,Beige | Beige | Beige | Beige | Beige | Beige | Tan | Tan | Tan | Tan | Tan | Tan,minimal,150 | 30 | 36 | 37 | 38 | 39 | 40 | 41 | All | All  Casual | All Golden | All Shoes | aprilsale | Beige | Casual | Casual Flats | Casual Sandals | Casual/Outdoor | comfy | Comfy Sandals | Deep Comfort | eidsale25 | Footwear | Golden | Hajj Women | maysale | Multi Strap Sandal | new arrival | New Arrival-Women | new arrivals | New Arrivals Sticker | New-Arrivals-Women | Open | SANDAL | Sandals | Shoes | spo-default | spo-disabled | SS-25 | tan,8499,PKR,https://www.hushpuppies.com.pk/products/petra-elise,https://cdn.shopify.com/s/files/1/0016/0074/9623/files/1_9f12a0a0-1218-465a-a49b-8b59085ccb3d.jpg?v=1772071111
Hush Puppies,Plush Erie Huron Sandals,"Embrace the season with these must-have summer sandals — designed to keep up with your every move. Whether you're heading out for a shopping spree, a casual brunch, or enjoying outdoor adventures, these sandals deliver the perfect blend of comfort and effortless elegance. Crafted for all-day wear, they pair beautifully with your favorite summer dresses, denim, or relaxed everyday outfits. Lightweight, versatile, and easy to style, they’re your go-to choice from sunrise to sunset. Make every step count this summer — add this essential pair to your wardrobe today.",shoes,sandal,sandals,buckle,unknown,women,casual | summer | eid,summer,false,Black,Black | Gold | Brown | Blue,black,black | bronze | tan | denim,neutral,Black | Black | Black | Black | Black | Black | Bronze | Bronze | Bronze | Bronze | Bronze | Bronze,minimal,150 | 30 | 36 | 37 | 38 | 39 | 40 | 41 | All | All  Casual | All Black | All Shoes | aprilsale | bestsellers | Black | Bronze | Casual | Casual Sandals | Casual/Outdoor | comfy | Comfy Sandals | Deep Comfort | eidsale25 | Footwear | maysale | Multi Strap Sandal | new arrival | New Arrival-Women | new arrivals | New Arrivals Sticker | New-Arrivals-Women | SANDAL | Sandals | Shoes | spo-default | spo-disabled | SS26 | SS26 All | SS26 WOMEN | tan,8999,PKR,https://www.hushpuppies.com.pk/products/erie-huron,https://cdn.shopify.com/s/files/1/0016/0074/9623/files/1_50423951-169b-4790-b552-601a72ff8647.jpg?v=1771186539
Hush Puppies,Cross Strap Hub Qantas Sandals,"Embrace the season with these must-have summer sandals — designed to keep up with your every move. Whether you're heading out for a shopping spree, a casual brunch, or enjoying outdoor adventures, these sandals deliver the perfect blend of comfort and effortless elegance. Crafted for all-day wear, they pair beautifully with your favorite summer dresses, denim, or relaxed everyday outfits. Lightweight, versatile, and easy to style, they’re your go-to choice from sunrise to sunset. Make every step count this summer — add this essential pair to your wardrobe today.",shoes,sandal,sandals,buckle,unknown,women,casual | summer | eid,summer,false,Brown,Brown | Red | Blue,brown,brown | cherry | navy,earth,Cherry | Cherry | Cherry | Cherry | Cherry | Cherry | Brown | Brown | Brown | Brown | Brown | Brown | Navy | Navy | Navy | Navy | Navy | Navy,minimal,30 | 36 | 37 | 38 | 39 | 40 | 41 | All | All  Casual | All Shoes | aprilsale | bestsellers | brown | Casual | Casual Sandals | Casual/Outdoor | Cherry | comfy | Comfy Sandals | Deep Comfort | eidsale25 | Footwear | maysale | Multi Strap Sandal | navy | new arrival | New Arrival-Women | new arrivals | New Arrivals Sticker | New-Arrivals-Women | SANDAL | Sandals | Shoes | spo-default | spo-disabled | SS26 | SS26 All | SS26 WOMEN | tan | Women,7999,PKR,https://www.hushpuppies.com.pk/products/cross-strap-hub-qantas-sandals,https://cdn.shopify.com/s/files/1/0016/0074/9623/files/1_f420d829-80e6-4cc7-b96f-012e94154670.jpg?v=1771792502
Ndure,Women's Everyday Sneakers,Sleek slip-on sneakers with an engineered knit upper for a streamlined finish. Designed for versatile style and everyday wear. Upper Material: Flyknit Sole Material: PVC Silhouette: Slip-on Sneakers,shoes,sneaker,flats,slip-on,unknown,women,office | casual,summer | winter,true,Black,Black,black,black,neutral,36/4 | 37/5 | 38/6 | 39/7 | 40/8 | 41/9,minimal,1BS | 1Sneaker25 | 1Summer25 | 1SWT25 | 1women | ALL SHOES | Athletic / Sports Shoes | M&W | Ndure | Revised | SS26 all | SS26 CF | W24OW | Women,3999,PKR,https://ndure.com/products/womens-everyday-sneakers-w-pr-tor-0008-black,https://cdn.shopify.com/s/files/1/0371/5416/0772/files/5_c7814d0e-4dfc-4498-9e66-8089c1a14ecd.jpg?v=1783080499
Ndure,Women's Fashion Slides,"Women's fashion slides featuring a wide upper with a textured strap adorned with crystal-style embellishments for an elegant finish. Crafted in a sleek flat silhouette, these slides offer all-day comfort while adding a refined touch to your everyday style. Upper Material: Polyurethane Sole Material: Polyurethane Fashion Silhouette: Embellished Slides",shoes,slide,flats,buckle,flat,women,office | casual,all-season,false,Beige,Beige | Brown,beige,beige | tan,earth,36/4 | 37/5 | 38/6 | 39/7 | 40/8 | 41/9,minimal,1women | ALL SHOES | Chappals / Flats | color:TAN:womens-fashion-slides-w-fl-mil-0037-tan | M&W | S&S | SS26 | SS26 all | Women | Womens Footwear,4499,PKR,https://ndure.com/products/womens-fashion-slides-w-fl-mil-0037-beige,https://cdn.shopify.com/s/files/1/0371/5416/0772/files/1_d4166b2f-4609-4345-b967-ac27bf55c6d8.jpg?v=1782879728
Ndure,Women's Fashion Slides,"Women's fashion slides featuring a wide upper with a textured strap adorned with crystal-style embellishments for an elegant finish. Crafted in a sleek flat silhouette, these slides offer all-day comfort while adding a refined touch to your everyday style. Upper Material: Polyurethane Sole Material: Polyurethane Fashion Silhouette: Embellished Slides",shoes,slide,flats,buckle,flat,women,office | casual,all-season,false,Brown,Brown | Beige,tan,tan | beige,earth,36/4 | 37/5 | 38/6 | 39/7 | 40/8 | 41/9,minimal,1women | ALL SHOES | Chappals / Flats | color:BEIGE:womens-fashion-slides-w-fl-mil-0037-beige | M&W | S&S | SS26 | SS26 all | Women | Womens Footwear,4499,PKR,https://ndure.com/products/womens-fashion-slides-w-fl-mil-0037-tan,https://cdn.shopify.com/s/files/1/0371/5416/0772/files/4_0671c969-1a33-4dc6-a8ec-449bb99ccd95.jpg?v=1782879773
Ndure,Women's Fashion Slides,"Women's flats featuring a modern square-toe silhouette and a sleek double-strap design for a clean, minimalist look. The slim straps are adorned with sparkling crystal embellishments that add subtle texture and elegance. Crafted with a contemporary flat profile, these slides offer lasting comfort for effortless everyday wear. Upper Material: Polyurethane Sole Material: Polyurethane Fashion Silhouette: Embellished Slides",shoes,slide,flats,buckle,flat,women,office | casual,all-season,false,Beige,Beige,beige,beige,earth,36/4 | 37/5 | 38/6 | 39/7 | 40/8 | 41/9,minimal,1women | ALL SHOES | Chappals / Flats | M&W | S&S | SS26 | SS26 all | Women | Womens Footwear,4499,PKR,https://ndure.com/products/womens-fashion-slides-w-fl-mil-0038-beige,https://cdn.shopify.com/s/files/1/0371/5416/0772/files/4_8d1254cf-7ab5-418c-a151-752ef55bbff3.jpg?v=1782879177
Ndure,Women's Wedge Sandals,"Elevate your everyday style with these women's taupe wedge sandals, designed to bring effortless elegance to every step. Featuring a sleek open-toe silhouette, a natural-textured wedge heel, and an adjustable ankle strap, this versatile pair complements everything from dresses to denim, making it an ideal choice for everyday wear and casual occasions. Upper Material: Polyurethane Sole Material: Thermoplastic Rubber Fashion Silhouette: Wedge Sandals",shoes,wedge,flats,buckle,flat,women,office | casual,all-season,false,Beige,Beige | White | Blue,taupe,taupe | white | denim,earth,36/4 | 37/5 | 38/6 | 39/7 | 40/8 | 41/9,minimal,020 | 1AW25 | 1Sale | 1SWT25 | 1women | ALL SHOES | color:WHITE:womens-wedge-sandals-w-pl-cdr-0003-white | FLAT20 | M&W | S&S | Sandals | W24OW | Women | Womens Footwear,3999,PKR,https://ndure.com/products/womens-wedge-sandals-w-pl-cdr-0003-taupe,https://cdn.shopify.com/s/files/1/0371/5416/0772/files/5_0a342a98-155e-44d0-a432-af6348f3a9d1.jpg?v=1782195017
Ndure,Women's Wedge Sandals,"Elevate your everyday style with these women's white wedge sandals, designed to bring effortless elegance to every step. Featuring a sleek open-toe silhouette, a natural-textured wedge heel, and an adjustable ankle strap, this versatile pair complements everything from dresses to denim, making it an ideal choice for everyday wear and casual occasions. Upper Material: Polyurethane Sole Material: Thermoplastic Rubber Fashion Silhouette: Wedge Sandals",shoes,wedge,flats,buckle,platform,women,office | casual,all-season,false,White,White | Beige | Blue,white,white | taupe | denim,neutral,36/4 | 37/5 | 38/6 | 39/7 | 40/8 | 41/9,minimal,1women | ALL SHOES | color:TAUPE:womens-wedge-sandals-w-pl-cdr-0003-taupe | M&W | S&S | Sandals | SS26 | SS26 all | TT | Women | Womens Footwear,4999,PKR,https://ndure.com/products/womens-wedge-sandals-w-pl-cdr-0003-white,https://cdn.shopify.com/s/files/1/0371/5416/0772/files/4_7dfe50ec-aa69-4223-a95a-d0ee125d34fe.jpg?v=1782210369
Ndure,Women's Fashion Slides,"Women's fashion flat slides featuring a modern square-toe design for a sleek, contemporary aesthetic. The style showcases a wide strap with intricate woven detailing, adding texture and sophistication to the upper. The insole features refined stitching and enhanced cushioning, adding subtle texture while ensuring lasting comfort. Designed with a clean flat-slide silhouette, these sandals offer an effortless blend of style and practicality, making them ideal for everyday wear. An essential summer style, perfect for casual wear and weekend adventures. Upper Material: Polyurethane Sole Material: Polyurethane Fashion Silhouette: Square-Toe Slides",shoes,slide,flats,buckle,flat,women,office | casual,summer,false,Black,Black | Beige,black,black | fawn,neutral,36/4 | 37/5 | 38/6 | 39/7 | 40/8 | 41/9,minimal,1BS | 1women | ALL SHOES | Chappals / Flats | color:FAWN:Womens-Textured-Slides-W-FL-TXS-0023-FAWN | M&W | S&S | SS26 | SS26 all | TT | Women | Womens Footwear,2999,PKR,https://ndure.com/products/womens-textured-slides-w-fl-txs-0023-black,https://cdn.shopify.com/s/files/1/0371/5416/0772/files/5_add942d1-ca2d-42be-80b7-99f39742868a.jpg?v=1782717476
Ndure,Women's Fashion Slides,"These women’s slide feature a wide strap design with a gold-tone buckle detail that adds a subtle statement to a clean, minimal look. The tan shade brings a fresh, understated feel that works well for everyday wear. Designed with a slip-on style for ease, these slides sit on a flat sole that makes them practical for regular use. The soft square toe adds a structured finish, keeping the overall look simple yet refined. Upper Material: Polyurethane Sole Material: Polyurethane Fashion Silhouette: Flat Slides",shoes,slide,flats,buckle,flat,women,office | casual | formal,all-season,false,Brown,Brown | Green | Gold,tan,tan | sage | gold,earth,36/4 | 37/5 | 38/6 | 39/7 | 40/8 | 41/9,minimal,1BS | 1women | ALL SHOES | Chappals / Flats | color:SAGE:Womens-Fashion-Slides-W-FL-ALS-0026-SAGE | M&W | S&S | SS26 | SS26 all | TT | Women | Womens Footwear,2999,PKR,https://ndure.com/products/womens-fashion-slides-w-fl-als-0026-tan,https://cdn.shopify.com/s/files/1/0371/5416/0772/files/4_6882cd4b-356e-4ca4-be43-6613b0c89a4b.jpg?v=1782717275
Ndure,Women's Cross Strap Slides,Women’s slide with crossed straps and stud detailing. Designed to be lightweight and durable while keeping a minimal profile. Upper Material: Polyurethane Sole Material: Polyurethane Fashion Silhouette: Cross Strap Slides,shoes,slide,flats,buckle,flat,women,office | casual,summer,false,Brown,Brown | Gold | Red | Blue,tan,tan | gold | maroon | navy,earth,36/4 | 37/5 | 38/6 | 39/7 | 40/8 | 41/9,minimal,1Summer25 | 1SWT25 | 1Women | ALL SHOES | Chappals / Flats | color:GOLD:Womens-Cross-Strap-Slides-W-PL-WNF-0011-GOLD | color:MAROON:Womens-Cross-Strap-Slides-W-PL-WNF-0011-MAROON | color:NAVY:Womens-Cross-Strap-Slides-W-PL-WNF-0011-NAVY | M&W | S&S | SS26 all | SS26 CF | W24OW,2999,PKR,https://ndure.com/products/womens-cross-strap-slides-w-pl-wnf-0011-tan,https://cdn.shopify.com/s/files/1/0371/5416/0772/files/5_aa5c5798-0e8b-4d92-874e-44ee6ed10aa5.jpg?v=1782210447
Ndure,Women's Split Suede Loafers,"Loafers with a suede upper designed in a warm neutral tone. Defined by a clean, structured silhouette with subtle stitching and a minimalist strap detail across the front. Finished with a light contrast sole for a refined, modern look. Upper Material: Suede Sole Material: Thermoplastic Rubber Fashion Silhouette: Penny Loafers",shoes,loafer,flats,buckle,unknown,women,office | casual,winter,false,Beige,Beige | Black | White | Brown,sand,sand | black | offwhite | tan,earth,36/4 | 37/5 | 38/6 | 39/7 | 40/8 | 41/9,minimal,1WLB | 1women | ALL SHOES | color:BEIGE:Womens-Split-Suede-Loafers-W-LF-LYR-0001-BEIGE | color:BLACK:Womens-Split-Suede-Loafers-W-LF-LYR-0001-BLACK | color:Blk.Crc:Womens-Split-Suede-Loafers-W-LF-LYR-0001-Blk-Crc | color:Brn.Crc:Womens-Split-Suede-Loafers-W-LF-LYR-0001-Brn-Crc | color:OFFWHITE:Womens-Split-Suede-Loafers-W-LF-LYR-0001-OFFWHITE | color:TAN:Womens-Split-Suede-Loafers-W-LF-LYR-0001-TAN | Loafers / Moccs | M&W | SS26 all | SS26 CF | Women | Womens Footwear,4499,PKR,https://ndure.com/products/womens-split-suede-loafers-w-lf-lyr-0001-sand,https://cdn.shopify.com/s/files/1/0371/5416/0772/files/4_416eba3c-b380-40d9-ad76-86c609698207.jpg?v=1782194907
Ndure,Women's Fashion Slides,"Women’s slide featuring a clean, modern silhouette and a wide strap upper that delivers a structured, refined aesthetic. The intricate woven details enhance the design, adding depth and a refined finish. Set on a smooth flat sole for easy wear, this versatile design offers a sleek, contemporary look and transitions seamlessly from casual days to dressed-up occasions, making it a versatile staple for everyday wardrobes. Upper Material: Polyurethane Sole Material: Polyurethane Fashion Silhouette: Flat Slides",shoes,slide,flats,buckle,flat,women,office | casual,all-season,false,Gold,Gold | White | Pink | Brown,gold,gold | cream | pink | tan,earth,36/4 | 37/5 | 38/6 | 39/7 | 40/8 | 41/9,minimal,020 | 1Sale | 1women | ALL SHOES | Chappals / Flats | color:CREAM:Womens-Embellished-Woven-Slides-W-FL-GRG-0033-CREAM | color:PINK:womens-embellished-woven-slides-w-fl-grg-0033-pink | color:TAN:Womens-Embellished-Woven-Slides-W-FL-GRG-0033-TAN | FLAT20 | M&W | S&S | SS26 | SS26 all | TT | Women | Womens Footwear,2799,PKR,https://ndure.com/products/womens-embellished-woven-slides-w-fl-grg-0033-gold,https://cdn.shopify.com/s/files/1/0371/5416/0772/files/1_8105c0bd-d708-4e61-8382-a72991b10c68.jpg?v=1781500133
Ndure,Women's Fashion Slides,"Women’s slide featuring a clean, modern silhouette and a wide strap upper that delivers a structured, refined aesthetic. The intricate woven details enhance the design, adding depth and a refined finish. Set on a smooth flat sole for easy wear, this versatile design offers a sleek, contemporary look and transitions seamlessly from casual days to dressed-up occasions, making it a versatile staple for everyday wardrobes. Upper Material: Polyurethane Sole Material: Polyurethane Fashion Silhouette: Flat Slides",shoes,slide,flats,buckle,flat,women,office | casual,all-season,false,Pink,Pink | White | Gold | Brown,pink,pink | cream | gold | tan,pink,36/4 | 37/5 | 38/6 | 39/7 | 40/8 | 41/9,minimal,030 | 1Sale | 1women | ALL SHOES | Chappals / Flats | color:CREAM:Womens-Embellished-Woven-Slides-W-FL-GRG-0033-CREAM | color:GOLD:womens-embellished-woven-slides-w-fl-grg-0033-gold | color:TAN:Womens-Embellished-Woven-Slides-W-FL-GRG-0033-TAN | FLAT30 | M&W | S&S | SS26 | SS26 all | TT | Women | Womens Footwear,2449,PKR,https://ndure.com/products/womens-embellished-woven-slides-w-fl-grg-0033-pink,https://cdn.shopify.com/s/files/1/0371/5416/0772/files/1_972aa0c8-acf4-4362-9d99-eaf0bfd2c969.jpg?v=1781261766
Ndure,Women’s Chrome Flats,"Elevate your style with these modern, chrome flats - perfect for a modern and trendy look. Made from high-quality synthetic leather, they are both durable and long-lasting. Our round-toe slides provide a chic look and the comfort of padded insole. A TPR outsole keeps the shoe light and provides slip resistance. Note: This pair is not washable.",shoes,flip-flop,flats,slip-on,flat,women,office | casual,summer,false,Gold,Gold,gold,gold,earth,36/4 | 37/5 | 38/6 | 39/7 | 40/8 | 41/9,minimal,030 | 1Chappals | 1Sale | 1Summer25 | 1SWT25 | 1women | ALL SHOES | color:GOLD:Womens-Chrome-Flats-w-fl-grg-0004-GOLD | color:PEWTER:Womens-Chrome-Flats-w-fl-grg-0004-PEWTER | FLAT30 | M&W | Ndure | W24OW | Women,2099,PKR,https://ndure.com/products/womens-chrome-flats-w-fl-grg-0004-leopard,https://cdn.shopify.com/s/files/1/0371/5416/0772/files/1_68eb6535-dc26-489c-a71f-ec9b61621e15.jpg?v=1781500417
Ndure,Women's Heel with Flower Detail,"Women's heels designed with a modern almond toe for a clean, contemporary look. The crossover copper straps on the upper are accented with a statement floral detail at the forefoot, adding a refined touch of elegance. Thoughtfully designed to provide a secure fit without feeling heavy, this style offers both comfort and sophistication. Finished with a tapered mid heel, it delivers a balanced lift that is ideal for all-day wear. Upper Material: Polyurethane Sole Material: Polyurethane Fashion Silhouette: Kitten Heels",shoes,heel,flats,buckle,mid,women,office | casual,all-season,false,Black,Black | Orange | Gold,black,black | copper | gold,neutral,36/4 | 37/5 | 38/6 | 39/7 | 40/8 | 41/9,minimal,1women | ALL SHOES | color:COPPER:Womens-Heel-with-Flower-Detail-W-HL-YUM-7011-COPPER | color:GOLD:Womens-Heel-with-Flower-Detail-W-HL-YUM-7011-GOLD | Heels | M&W | S&S | SS26 | SS26 all | TT | Women | Womens Footwear,5499,PKR,https://ndure.com/products/womens-heel-with-flower-detail-w-hl-yum-7011-black,https://cdn.shopify.com/s/files/1/0371/5416/0772/files/5_ee422e09-12fc-4750-a8b5-f9bee331f8b6.jpg?v=1781261584
Ndure,Women's Casual Slides,"Women’s slide featuring a smooth strap with a circular metal ring detail. Designed in a clean, minimal style for a refined, modern look. Upper Material: Polyurethane Sole Material: Polyurethane Fashion Silhouette: Flat Slides",shoes,slide,flats,buckle,flat,women,office | casual,all-season,false,Green,Green | Beige | Brown,sage,sage | fawn | tan,green,36/4 | 37/5 | 38/6 | 39/7 | 40/8 | 41/9,minimal,1BS | 1women | ALL SHOES | Chappals / Flats | color:FAWN:Womens-Slide-with-Metal-Details-W-PL-CCM-0073-FAWN | color:TAN:Womens-Slide-with-Metal-Details-W-PL-CCM-0073-TAN | M&W | S&S | SS26 | SS26 all | TT | Women | Womens Footwear,2199,PKR,https://ndure.com/products/womens-slide-with-metal-details-w-pl-ccm-0073-sage,https://cdn.shopify.com/s/files/1/0371/5416/0772/files/5_6fa617c5-6606-4de6-b6a8-779e7f3e6700.jpg?v=1781260881
Ndure,Women's Strappy Rhinestones Heels,"An almond toe silhouette crafted with clean, refined lines, featuring delicate crossover straps adorned with rhinestone embellishments. The structured crossover design adds depth and a polished contemporary touch. Set on a kitten heel, it offers a subtle lift while ensuring comfort and stability. Upper Material: Polyurethane Sole Material: Polyurethane Fashion Silhouette: Kitten Heels",shoes,heel,heels,buckle,mid,women,party | office | eid,all-season,false,White,White | Black | Brown | Beige,off white,off white | black | brown | fawn,neutral,36/4 | 37/5 | 38/6 | 39/7 | 40/8 | 41/9,elegant | trendy,1BS | 1women | ALL SHOES | color:BLACK:womens-strappy-rhinestones-heels-w-hl-yum-5012-black | color:BROWN:womens-strappy-rhinestones-heels-w-hl-yum-5012-brown | color:FAWN:womens-strappy-rhinestones-heels-w-hl-yum-5012-fawn | Heels | M&W | SS26 | SS26 all | TT | Women | Womens Footwear,4999,PKR,https://ndure.com/products/womens-strappy-rhinestones-heels-w-hl-yum-5012-off-white,https://cdn.shopify.com/s/files/1/0371/5416/0772/files/1_aecac98f-235f-4564-80bc-06da598d2fc3.jpg?v=1780568522
Ndure,Women's Strappy Rhinestones Heels,"An almond toe silhouette crafted with clean, refined lines, featuring delicate crossover straps adorned with rhinestone embellishments. The structured crossover design adds depth and a polished contemporary touch. Set on a kitten heel, it offers a subtle lift while ensuring comfort and stability. Upper Material: Polyurethane Sole Material: Polyurethane Fashion Silhouette: Kitten Heels",shoes,heel,heels,buckle,flat,women,party | office | eid,all-season,false,Black,Black | Brown | Beige | White,black,black | brown | fawn | off white,neutral,36/4 | 37/5 | 38/6 | 39/7 | 40/8 | 41/9,elegant | trendy,020 | 1BS | 1Sale | 1women | ALL SHOES | color:BROWN:womens-strappy-rhinestones-heels-w-hl-yum-5012-brown | color:FAWN:womens-strappy-rhinestones-heels-w-hl-yum-5012-fawn | color:OFF WHITE:womens-strappy-rhinestones-heels-w-hl-yum-5012-off-white | FLAT20 | Heels | M&W | SS26 | SS26 all | TT | Women | Womens Footwear,3999,PKR,https://ndure.com/products/womens-strappy-rhinestones-heels-w-hl-yum-5012-black,https://cdn.shopify.com/s/files/1/0371/5416/0772/files/1_7cf1aae1-3d67-4620-99c8-4a96859d59a3.jpg?v=1779337981
Ndure,Women's Casual Wedge Slides,"Designed with a woven single-strap silhouette, these wedge slides add texture and dimension to your everyday wardrobe. The braided design gives them a stylish edge, while the clean shape keeps the look modern and versatile. Set on a comfortable wedge base, this pair works effortlessly with both relaxed and dressed-up casual outfits. Upper Material: Mesh with Synthetic Sole Material: Polyurethane Fashion Silhouette: Wedge Slides",shoes,wedge,heels,buckle,flat,women,party | office | eid | formal,all-season,false,Black,Black | Beige,black,black | beige,neutral,36/4 | 37/5 | 38/6 | 39/7 | 40/8 | 41/9,elegant | trendy,030 | 1BS | 1Sale | 1women | ALL SHOES | color:BEIGE:Womens-Embellished-Platform-Slides-W-WG-MAN-0031-BEIGE | FLAT30 | Heels | M&W | SS26 | SS26 all | TT | TTS | Women | Womens Footwear,2799,PKR,https://ndure.com/products/womens-embellished-platform-slides-w-wg-man-0031-black,https://cdn.shopify.com/s/files/1/0371/5416/0772/files/5_e798ef74-8db4-496d-82a0-8f83ebf64cc3.jpg?v=1773813616
Ndure,Women's Embellished Square Toe Heels,"Women’s heels designed with a modern square-toe silhouette, creating a clean and refined shape that complements the minimal double-strap design. The straps are detailed with pearl and seashell embellishments, adding texture and a delicate, coastal-inspired accent. Set on a slender mid-height heel, the design offers an elegant lift while maintaining balance and stability. Finished with clean, structured lines, the heels bring together decorative detailing with a polished, contemporary aesthetic. Upper Material: Polyurethane Sole Material: Polyurethane Fashion Silhouette: Square-Toe Heels",shoes,heel,heels,buckle,flat,women,party | office | eid,all-season,false,Beige,Beige | Black | White,fawn,fawn | black | pearl,earth,36/4 | 37/5 | 38/6 | 39/7 | 40/8 | 41/9,elegant | trendy,020 | 1BS | 1Sale | 1women | ALL SHOES | color:BLACK:Womens-Embellished-Square-Toe-Heels-W-HL-YUM-7012-BLACK | eid-edit-26 | FLAT20 | Heels | M&W | SS26 | SS26 all | TT | Women | Womens Footwear,4799,PKR,https://ndure.com/products/womens-embellished-square-toe-heels-w-hl-yum-7012-fawn,https://cdn.shopify.com/s/files/1/0371/5416/0772/files/1_90bf20ae-4ba5-445e-8643-6ef2ad99c16d.jpg?v=1773647542
Ndure,Women's Embellished Square Toe Heels,"Women’s heels designed with a modern square-toe silhouette, creating a clean and refined shape that complements the minimal double-strap design. The straps are detailed with pearl and seashell embellishments, adding texture and a delicate, coastal-inspired accent. Set on a slender mid-height heel, the design offers an elegant lift while maintaining balance and stability. Finished with clean, structured lines, the heels bring together decorative detailing with a polished, contemporary aesthetic. Upper Material: Polyurethane Sole Material: Polyurethane Fashion Silhouette: Square-Toe Heels",shoes,heel,heels,buckle,flat,women,party | office | eid,all-season,false,Black,Black | Beige | White,black,black | fawn | pearl,neutral,36/4 | 37/5 | 38/6 | 39/7 | 40/8 | 41/9,elegant | trendy,020 | 1BS | 1Sale | 1women | ALL SHOES | color:FAWN:Womens-Embellished-Square-Toe-Heels-W-HL-YUM-7012-FAWN | FLAT20 | Heels | M&W | SS26 | SS26 all | TT | Women | Womens Footwear,4799,PKR,https://ndure.com/products/womens-embellished-square-toe-heels-w-hl-yum-7012-black,https://cdn.shopify.com/s/files/1/0371/5416/0772/files/1_64d66d8c-1b7a-4885-bef1-4e9ee5e840fd.jpg?v=1773647532
Ndure,Women’s Casual Wedge Slides,"Women’s wedge slides designed for everyday comfort, featuring a multi-strap upper in a fresh tone for a clean, modern look. Set on a wedge midsole with a textured finish, they offer stable support and a comfortable feel throughout the day. The slip-on design allows for easy wear, while the durable outsole ensures better grip with every step. A versatile pair for casual outings and everyday styling Upper Material: Polyurethane Sole Material: Polyurethane Fashion Silhouette: Wedge Slides",shoes,wedge,heels,buckle,flat,women,party | office | eid,all-season,false,Brown,Brown | Gold | Green,tan,tan | gold | green,earth,36/4 | 37/5 | 38/6 | 39/7 | 40/8 | 41/9,elegant | trendy,020 | 1BS | 1Sale | 1women | ALL SHOES | color:GOLD:Womens-Cross-Strap-Wedge-Slides-W-PL-OAK-0001-GOLD | color:GREEN:Womens-Cross-Strap-Wedge-Slides-W-PL-OAK-0001-GREEN | FLAT20 | Heels | M&W | S&S | SS26 | SS26 all | TT | Women | Womens Footwear,2799,PKR,https://ndure.com/products/womens-cross-strap-wedge-slides-w-pl-oak-0001-tan,https://cdn.shopify.com/s/files/1/0371/5416/0772/files/1_1554e33f-e073-4063-83d0-346193c76ae1.jpg?v=1778217386
Ndure,Women’s Casual Wedge Slides,"Women’s wedge slides designed for everyday comfort, featuring a multi-strap upper in a fresh pastel tone for a clean, modern look. Set on a wedge midsole with a textured finish, they offer stable support and a comfortable feel throughout the day. The slip-on design allows for easy wear, while the durable outsole ensures better grip with every step. A versatile pair for casual outings and everyday styling Upper Material: Polyurethane Sole Material: Polyurethane Fashion Silhouette: Wedge Slides",shoes,wedge,heels,buckle,platform,women,party | office | eid,all-season,false,Green,Green | Gold | Brown,green,green | gold | tan,green,36/4 | 37/5 | 38/6 | 39/7 | 40/8 | 41/9,elegant | trendy,1BS | 1women | ALL SHOES | color:GOLD:Womens-Cross-Strap-Wedge-Slides-W-PL-OAK-0001-GOLD | color:TAN:Womens-Cross-Strap-Wedge-Slides-W-PL-OAK-0001-TAN | Heels | M&W | S&S | SS26 | SS26 all | TT | Women | Womens Footwear,3499,PKR,https://ndure.com/products/womens-cross-strap-wedge-slides-w-pl-oak-0001-green,https://cdn.shopify.com/s/files/1/0371/5416/0772/files/1_5c23ebf6-1dd3-4b6b-85d3-98b5f6640876.jpg?v=1777275629
Ndure,Women’s Casual Wedge Slides,"Women’s wedge slides designed for everyday comfort, featuring a multi-strap upper in a fresh tone for a clean, modern look. Set on a wedge midsole with a textured finish, they offer stable support and a comfortable feel throughout the day. The slip-on design allows for easy wear, while the durable outsole ensures better grip with every step. A versatile pair for casual outings and everyday styling Upper Material: Polyurethane Sole Material: Polyurethane Fashion Silhouette: Wedge Slides",shoes,wedge,heels,buckle,platform,women,party | office | eid,all-season,false,Gold,Gold | Green | Brown,gold,gold | green | tan,earth,36/4 | 37/5 | 38/6 | 39/7 | 40/8 | 41/9,elegant | trendy,1BS | 1women | ALL SHOES | color:GREEN:Womens-Cross-Strap-Wedge-Slides-W-PL-OAK-0001-GREEN | color:TAN:Womens-Cross-Strap-Wedge-Slides-W-PL-OAK-0001-TAN | eid-edit-26 | Heels | M&W | S&S | SS26 | SS26 all | TT | Women | Womens Footwear,3499,PKR,https://ndure.com/products/womens-cross-strap-wedge-slides-w-pl-oak-0001-gold,https://cdn.shopify.com/s/files/1/0371/5416/0772/files/4_efcfc26e-093e-4bd3-ab82-2f8109671940.jpg?v=1778732385
Ndure,Women's Heel with Flower Detail,"Women's heels designed with a modern almond toe for a clean, contemporary look. The crossover copper straps on the upper are accented with a statement floral detail at the forefoot, adding a refined touch of elegance. Thoughtfully designed to provide a secure fit without feeling heavy, this style offers both comfort and sophistication. Finished with a tapered mid heel, it delivers a balanced lift that is ideal for all-day wear. Upper Material: Polyurethane Sole Material: Polyurethane Fashion Silhouette: Kitten Heels",shoes,heel,heels,buckle,flat,women,party | office | eid,all-season,false,Orange,Orange | Black | Gold,copper,copper | black | gold,orange,36/4 | 37/5 | 38/6 | 39/7 | 40/8 | 41/9,elegant | trendy,020 | 1BS | 1Sale | 1women | ALL SHOES | color:BLACK:womens-heel-with-flower-detail-w-hl-yum-7011-black | color:GOLD:Womens-Heel-with-Flower-Detail-W-HL-YUM-7011-GOLD | FLAT20 | Heels | M&W | S&S | SS26 | SS26 all | TT | Women | Womens Footwear,4399,PKR,https://ndure.com/products/womens-heel-with-flower-detail-w-hl-yum-7011-copper,https://cdn.shopify.com/s/files/1/0371/5416/0772/files/5_129d9c2e-c394-4937-8196-fe1c90acc342.jpg?v=1779337196
Ndure,Women's Kitten Heels,"Women’s kitten heel mules featuring a soft draped upper with a statement ring detail. The low heel is designed for better balance and stability, making them easy to wear throughout the day. Finished with a clean, modern look that works from day to night. Upper Material: Polyurethane Sole Material: Polyurethane Fashion Silhouette: Kitten Heels",shoes,heel,heels,slip-on,flat,women,party | office | eid | formal,all-season,false,Beige,Beige | Black | Brown,taupe,taupe | black | brown,earth,36/4 | 37/5 | 38/6 | 39/7 | 40/8 | 41/9,elegant | trendy,020 | 1BS | 1Sale | 1women | ALL SHOES | color:BLACK:Womens-Kitten-Heels-W-HL-YUM-5011-BLACK | color:BROWN:Womens-Kitten-Heels-W-HL-YUM-5011-BROWN | color:FAWN:Womens-Kitten-Heels-W-HL-YUM-5011-FAWN | FLAT20 | Heels | M&W | S&S | SS26 | SS26 all | TT | Women | Womens Footwear,3999,PKR,https://ndure.com/products/womens-kitten-heels-w-hl-yum-5011-taupe,https://cdn.shopify.com/s/files/1/0371/5416/0772/files/5_871d7303-8104-4a22-8243-6d3b64108481.jpg?v=1775805176
Ndure,Women's Kitten Heels,"Women’s kitten heel mules featuring a soft draped upper with a statement ring detail. The low heel is designed for better balance and stability, making them easy to wear throughout the day. Finished with a clean, modern look that works from day to night. Upper Material: Polyurethane Sole Material: Polyurethane Fashion Silhouette: Kitten Heels",shoes,heel,heels,slip-on,flat,women,party | office | eid | formal,all-season,false,Black,Black | Brown | Beige,black,black | brown | fawn,neutral,36/4 | 37/5 | 38/6 | 39/7 | 40/8 | 41/9,elegant | trendy,020 | 1BS | 1Sale | 1women | ALL SHOES | color:BROWN:Womens-Kitten-Heels-W-HL-YUM-5011-BROWN | color:FAWN:Womens-Kitten-Heels-W-HL-YUM-5011-FAWN | color:TAUPE:Womens-Kitten-Heels-W-HL-YUM-5011-TAUPE | eid-edit-26 | FLAT20 | have-last-image | Heels | M&W | S&S | SS26 | SS26 all | TT | Women | Womens Footwear,3999,PKR,https://ndure.com/products/womens-kitten-heels-w-hl-yum-5011-black,https://cdn.shopify.com/s/files/1/0371/5416/0772/files/4_e3966d3a-5f30-4e66-9ba4-269c217d162e.jpg?v=1775805133
Ndure,Women's Metallic Kitten Heel Sandals,"Women’s kitten heel sandals designed in a sleek metallic finish, featuring delicate multi-strap detailing for a refined, modern look. The adjustable ankle strap ensures a secure and comfortable fit, while the open design keeps it light and easy to wear. Set on a low kitten heel, they offer better balance and stability with every step. A versatile pair that works effortlessly for both occasion wear and evening styling. Upper Material: Suede Sole Material: Polyurethane Fashion Silhouette: Square Toe Kitten Heel Sandals",shoes,heel,heels,lace-up,flat,women,party | office | eid | formal,all-season,false,Gold,Gold,gold,gold,earth,36/4 | 37/5 | 38/6 | 39/7 | 40/8 | 41/9,elegant | trendy,020 | 1BS | 1Sale | 1women | ALL SHOES | color:BURGUNDI:Womens-Suede-Lace-Up-Kitten-Heel-Sandals-W-HL-LNA-5013-BURGUNDI | eid-edit-26 | FLAT20 | Heels | M&W | S&S | SS26 | SS26 all | TT | Women | Womens Footwear,3999,PKR,https://ndure.com/products/womens-suede-lace-up-kitten-heel-sandals-w-hl-lna-5013-gold,https://cdn.shopify.com/s/files/1/0371/5416/0772/files/1_89dbb44d-2be5-4736-821c-03ad24667bbd.jpg?v=1776944693
Ndure,Women’s Strappy Kitten Heel Sandals,"Women’s kitten heel sandals designed in a sleek metallic finish, featuring delicate multi-strap detailing for a refined, modern look. The adjustable ankle strap ensures a secure and comfortable fit, while the open design keeps it light and easy to wear. Set on a low kitten heel, they offer better balance and stability with every step. A versatile pair that works effortlessly for both occasion wear and evening styling. Upper Material: Suede Sole Material: Polyurethane Fashion Silhouette: Square Toe Kitten Heel Sandals",shoes,heel,heels,lace-up,flat,women,party | office | eid | formal,all-season,false,Gold,Gold,gold,gold,earth,36/4 | 37/5 | 38/6 | 39/7 | 40/8 | 41/9,elegant | trendy,020 | 1BS | 1Sale | 1women | ALL SHOES | color:GOLD:Womens-Suede-Lace-Up-Kitten-Heel-Sandals-W-HL-LNA-5013-GOLD | FLAT20 | Heels | M&W | S&S | SS26 | SS26 all | TT | Women | Womens Footwear,3999,PKR,https://ndure.com/products/womens-suede-lace-up-kitten-heel-sandals-w-hl-lna-5013-burgundi,https://cdn.shopify.com/s/files/1/0371/5416/0772/files/1_6b23caef-b505-4b8f-bece-c26edb3731e7.jpg?v=1776944702
Ndure,Women's Knotted Strap Heels,"Women’s heels designed with a modern square-toe silhouette, creating a clean and refined base for the knotted strap detailing. The crossover straps form a structured knot design, adding dimension and a polished, contemporary look. Set on a kitten heel, the design offers a subtle lift while maintaining balance and ease of wear. Clean lines and a streamlined profile complete the look with a refined, statement finish. Upper Material: Polyurethane Sole Material: Polyurethane Fashion Silhouette: Square-Toe Heels",shoes,heel,heels,buckle,flat,women,party | office | eid,winter,false,Brown,Brown | Gold,tan,tan | gold,earth,36/4 | 37/5 | 38/6 | 39/7 | 40/8 | 41/9,elegant | trendy,020 | 1BS | 1Sale | 1women | ALL SHOES | color:GOLD:Womens-Knotted-Strap-Heels-W-HL-LNA-5012-GOLD | FLAT20 | Heels | M&W | S&S | SS26 | SS26 all | TT | Women | Womens Footwear,3999,PKR,https://ndure.com/products/womens-knotted-strap-heels-w-hl-lna-5012-tan,https://cdn.shopify.com/s/files/1/0371/5416/0772/files/5_70b89a09-58c8-4c28-8b9d-52efd051f3e3.jpg?v=1774416698
Ndure,Women's Knotted Strap Heels,"Women’s heels designed with a modern square-toe silhouette, creating a clean and refined base for the knotted strap detailing. The crossover straps form a structured knot design, adding dimension and a polished, contemporary look. Set on a kitten heel, the design offers a subtle lift while maintaining balance and ease of wear. Clean lines and a streamlined profile complete the look with a refined, statement finish. Upper Material: Polyurethane Sole Material: Polyurethane Fashion Silhouette: Square-Toe Heels",shoes,heel,heels,buckle,flat,women,party | office | eid,winter,false,Gold,Gold | Brown,gold,gold | tan,earth,36/4 | 37/5 | 38/6 | 39/7 | 40/8 | 41/9,elegant | trendy,020 | 1BS | 1Sale | 1women | ALL SHOES | color:TAN:Womens-Knotted-Strap-Heels-W-HL-LNA-5012-TAN | eid-edit-26 | FLAT20 | Heels | M&W | S&S | SS26 | SS26 all | TT | Women | Womens Footwear,3999,PKR,https://ndure.com/products/womens-knotted-strap-heels-w-hl-lna-5012-gold,https://cdn.shopify.com/s/files/1/0371/5416/0772/files/5_2cf6ca52-655c-4f94-868d-5bb78dcb988e.jpg?v=1774525016
Ndure,Women's Embroidered Mesh Heel Sandals,"A square-toe silhouette gives these women's strappy heels a clean, contemporary structure. The cross-strap upper features a knotted bow detail at the forefoot and an embroidered mesh panel for added texture. The tapered mid heel delivers a comfortable, balanced lift- ideal for all-day occasion wear. The adjustable ankle strap provides a secure, customizable fit. Upper Material: Mesh with Synthetic Sole Material: Polyurethane Fashion Silhouette: Square-Toe Sandals",shoes,heel,heels,buckle,flat,women,party | office | eid,all-season,false,Beige,Beige | Black,fawn,fawn | black,earth,36/4 | 37/5 | 38/6 | 39/7 | 40/8 | 41/9,elegant | trendy,020 | 1BS | 1Sale | 1women | ALL SHOES | color:BLACK:Womens-Embroidered-Mesh-Heel-Sandals-W-HL-AVA-7011-BLACK | eid-edit-26 | FLAT20 | Heels | M&W | S&S | SS26 | SS26 all | TT | Women | Womens Footwear,3999,PKR,https://ndure.com/products/womens-embroidered-mesh-heel-sandals-w-hl-ava-7011-fawn,https://cdn.shopify.com/s/files/1/0371/5416/0772/files/4_0188fe23-13f1-4313-8183-1a38832ad159.jpg?v=1775460900
Ndure,Women's Embroidered Mesh Heel Sandals,"A square-toe silhouette gives these women's strappy heels a clean, contemporary structure. The cross-strap upper features a knotted bow detail at the forefoot and an embroidered mesh panel for added texture. The tapered mid heel delivers a comfortable, balanced lift- ideal for all-day occasion wear. The adjustable ankle strap provides a secure, customizable fit. Upper Material: Mesh with Synthetic Sole Material: Polyurethane Fashion Silhouette: Square Toe Sandals",shoes,heel,heels,buckle,flat,women,party | office | eid,all-season,false,Black,Black | Beige,black,black | fawn,neutral,36/4 | 37/5 | 38/6 | 39/7 | 40/8 | 41/9,elegant | trendy,020 | 1BS | 1Sale | 1women | ALL SHOES | color:FAWN:Womens-Embroidered-Mesh-Heel-Sandals-W-HL-AVA-7011-FAWN | FLAT20 | Heels | M&W | S&S | SS26 | SS26 all | TT | Women | Womens Footwear,3999,PKR,https://ndure.com/products/womens-embroidered-mesh-heel-sandals-w-hl-ava-7011-black,https://cdn.shopify.com/s/files/1/0371/5416/0772/files/5_62803649-a273-4105-b743-3d0ebca5156d.jpg?v=1775460869
Ndure,Women's Strappy Heel Sandals,"These women’s heels feature slim multi-strap detailing in a metallic finish, creating a clean and minimal look. The design keeps the foot well held without feeling heavy. Set on a low heel, they offer a stable base with a balanced feel. The ankle strap with buckle provides a secure fit, making them easy to wear for longer hours. Upper Material: Polyurethane Sole Material: Polyurethane Fashion Silhouette: Heel Sandals",shoes,heel,heels,buckle,flat,women,party | office | eid,all-season,false,Grey,Grey | Gold,silver,silver | gold,neutral,36/4 | 37/5 | 38/6 | 39/7 | 40/8 | 41/9,elegant | trendy,020 | 1BS | 1Sale | 1women | ALL SHOES | color:GOLD:Womens-Strappy-Heel-Sandals-W-HL-AVA-5012-GOLD | eid-edit-26 | FLAT20 | Heels | M&W | S&S | SS26 | SS26 all | TT | Women | Womens Footwear,3999,PKR,https://ndure.com/products/womens-strappy-heel-sandals-w-hl-ava-5012-silver,https://cdn.shopify.com/s/files/1/0371/5416/0772/files/5_a157a3fe-252c-4524-b214-cce28d42031e.jpg?v=1776331883
Ndure,Women's Strappy Heel Sandals,"These women’s heels feature slim multi-strap detailing in a gold finish, creating a clean and minimal look. The design keeps the foot well held without feeling heavy. Set on a low heel, they offer a stable base with a balanced feel. The ankle strap with buckle provides a secure fit, making them easy to wear for longer hours. Upper Material: Polyurethane Sole Material: Polyurethane Fashion Silhouette: Heel Sandals",shoes,heel,heels,buckle,flat,women,party | office | eid,all-season,false,Gold,Gold | Grey,gold,gold | silver,earth,36/4 | 37/5 | 38/6 | 39/7 | 40/8 | 41/9,elegant | trendy,020 | 1BS | 1Sale | 1women | ALL SHOES | color:SILVER:Womens-Strappy-Heel-Sandals-W-HL-AVA-5012-SILVER | FLAT20 | Heels | M&W | S&S | SS26 | SS26 all | TT | Women | Womens Footwear,3999,PKR,https://ndure.com/products/womens-strappy-heel-sandals-w-hl-ava-5012-gold,https://cdn.shopify.com/s/files/1/0371/5416/0772/files/1_6dd5d0a1-d40f-43a7-8ea5-9366de3ca8b8.jpg?v=1776944551
Ndure,Women's Ankle Boots,"Women’s Black Chelsea boots with a clean, structured silhouette. Elastic side panels and a pull tab provide a secure, easy slip-on fit. Set on a bold, chunky sole that adds definition to the overall look. A versatile style suited for both casual and elevated looks. Upper Material: Polyurethane Sole Material: Polyurethane Fashion Silhouette: Ankle Boots",shoes,ankle-boot,boots,elastic,unknown,women,casual | formal | winter,winter,false,Black,Black | Beige,black,black | nude,neutral,36/4 | 37/5 | 38/6 | 39/7 | 40/8 | 41/9,western | minimal,1AW25 | 1BS | 1SWT25 | 1WLB | 1women | ALL SHOES | Boots | color:NUDE:Womens-Ankle-Boots-W-OT-CMB-0015-NUDE | M&W | W24OW | Women | Womens Footwear,8999,PKR,https://ndure.com/products/womens-ankle-boots-w-ot-cmb-0015-black,https://cdn.shopify.com/s/files/1/0371/5416/0772/files/1_2f2da926-1bf5-445b-9091-439d070bd177.jpg?v=1776424569
Ndure,Women's Ankle Boots,Women's ankle boots designed with a classic lace-up design. Finished with a chunky sole for a bold and contemporary look. Upper Material: Suede Sole Material: Polyurethane Fashion Silhouette: Ankle Boots,shoes,ankle-boot,boots,lace-up,flat,women,casual | formal | winter,winter,false,Brown,Brown,tan,tan,earth,36/4 | 37/5 | 38/6 | 39/7 | 40/8 | 41/9,western | minimal,020 | 1AW25 | 1BS | 1Sale | 1SWT25 | 1WLB | 1women | ALL SHOES | Boots | FLAT20 | M&W | TTS | W24OW | Women | Womens Footwear,4399,PKR,https://ndure.com/products/womens-ankle-boots-w-lf-ary-0011-tan,https://cdn.shopify.com/s/files/1/0371/5416/0772/files/1_a8cecb9b-3071-4f6e-937e-75f2025274be.jpg?v=1776076762
Ndure,Women's Ankle Boots,"Find your perfect balance of style and ease with these loafers! Made with good quality Man Made Leather material that ensures durability. These loafers feature a high-cut design with a round-toe shape and a padded insole with comfort foam. A TPR outsole keeps the shoe light, providing anti-slip resistance.",shoes,ankle-boot,boots,slip-on,flat,women,casual | formal | winter,winter,false,Beige,Beige | Black,fawn,fawn | black,earth,36/4 | 37/5 | 38/6 | 39/7 | 40/8 | 41/9,western | minimal,050 | 1Sale | 1Winter24 | 1WLB | 1women | ALL SHOES | Boots | color:BLACK:womens-ankle-boots-w-lf-ary-0001-black | FLAT50 | M&W | Ndure | TTS | W24OW | Women,3000,PKR,https://ndure.com/products/womens-ankle-boots-w-lf-ary-0001-fawn,https://cdn.shopify.com/s/files/1/0371/5416/0772/files/4_69708e18-66a5-40c7-8d0f-f979cd763a5f.jpg?v=1759745357